Model num,Fitness,Model,generation,ofv,success,covar,correlation #,ntheta,condition,RPenalty,PythonPenalty,NMTran messages
0,5783.451397,111011,0,5583.451397339267,True,True,True,7,200006787.2361291,0,,From saved model No important warnings
1,5736.422779,010001,0,5666.422778741536,True,True,True,4,17.129573033527212,0,,From saved model No important warnings
3,5882.632004,110101,0,5692.632003655813,True,True,True,5,1392573.1213445293,0,,From saved model No important warnings
4,4822.599672,100010,0,4732.599671912545,True,True,True,5,51.71855336223912,0,,From saved model No important warnings
5,5882.632004,110101,0,5692.632003655813,True,True,True,5,1392573.1213445293,0,,From saved model No important warnings
6,5673.451399,101011,0,5583.451398779233,True,True,True,6,72.1701345146513,0,,From saved model No important warnings
7,4873.612774,001000,0,4793.61277366451,True,True,True,4,4.184666809273302,0,,From saved model No important warnings
8,4885.430743,011100,0,4785.430742602432,True,True,True,5,8.022554959221322,0,,From saved model No important warnings
9,4824.659081,001010,0,4734.659081014956,True,True,True,5,54.23925438447327,0,,From saved model No important warnings
11,5846.422780,110001,0,5666.422779565473,True,True,True,5,40564276.614498354,0,,From saved model No important warnings
11,5846.422780,110001,0,5666.422779565473,True,True,True,5,40564276.614498354,0,,From saved model No important warnings
9,4824.659081,001010,0,4734.659081014956,True,True,True,5,54.23925438447327,0,,From saved model No important warnings
9,4824.659081,001010,0,4734.659081014956,True,True,True,5,54.23925438447327,0,,From saved model No important warnings
2,5689.205709,010111,0,5599.205709164732,True,True,True,5,44.26766758857518,0,0,No important warnings
2,5689.205709,010111,0,5599.205709164732,True,True,True,5,44.26766758857518,0,0,No important warnings
10,5689.205709,010111,0,5599.205709164732,True,True,True,5,44.26766758857518,0,0,No important warnings
10,5689.205709,010111,0,5599.205709164732,True,True,True,5,44.26766758857518,0,0,No important warnings
0,4828.765370,000110,1,4738.765369536232,True,True,True,4,165.37613705789946,0,,From saved model No important warnings
1,4828.765370,000110,1,4738.765369536232,True,True,True,4,165.37613705789946,0,,From saved model No important warnings
2,4834.624586,001110,1,4734.624585991721,True,True,True,5,57.16864980706972,0,,From saved model No important warnings
3,4828.765370,000110,1,4738.765369536232,True,True,True,4,165.37613705789946,0,,From saved model No important warnings
4,4828.765370,000110,1,4738.765369536232,True,True,True,4,165.37613705789946,0,,From saved model No important warnings
5,4828.765370,000110,1,4738.765369536232,True,True,True,4,165.37613705789946,0,,From saved model No important warnings
6,4828.765370,000110,1,4738.765369536232,True,True,True,4,165.37613705789946,0,,From saved model No important warnings
7,4828.765370,000110,1,4738.765369536232,True,True,True,4,165.37613705789946,0,,From saved model No important warnings
8,4828.765370,000110,1,4738.765369536232,True,True,True,4,165.37613705789946,0,,From saved model No important warnings
8,4828.765370,000110,1,4738.765369536232,True,True,True,4,165.37613705789946,0,,From saved model No important warnings
9,4828.765370,000110,1,4738.765369536232,True,True,True,4,165.37613705789946,0,,From saved model No important warnings
9,4828.765370,000110,1,4738.765369536232,True,True,True,4,165.37613705789946,0,,From saved model No important warnings
10,4828.765370,000110,1,4738.765369536232,True,True,True,4,165.37613705789946,0,,From saved model No important warnings
10,4828.765370,000110,1,4738.765369536232,True,True,True,4,165.37613705789946,0,,From saved model No important warnings
11,4828.765370,000110,1,4738.765369536232,True,True,True,4,165.37613705789946,0,,From saved model No important warnings
11,4828.765370,000110,1,4738.765369536232,True,True,True,4,165.37613705789946,0,,From saved model No important warnings
0,4873.612774,001000,2,4793.61277366451,True,True,True,4,4.184666809273302,0,,From saved model No important warnings
3,5734.664617,001001,2,5664.66461651907,True,True,True,4,20.04455824712298,0,,From saved model No important warnings
4,4875.430415,101000,2,4785.430414988528,True,True,True,5,8.10167376909068,0,,From saved model No important warnings
5,4873.612774,001000,2,4793.61277366451,True,True,True,4,4.184666809273302,0,,From saved model No important warnings
6,4875.430415,101000,2,4785.430414988528,True,True,True,5,8.10167376909068,0,,From saved model No important warnings
7,4875.430415,101000,2,4785.430414988528,True,True,True,5,8.10167376909068,0,,From saved model No important warnings
8,4875.430415,101000,2,4785.430414988528,True,True,True,5,8.10167376909068,0,,From saved model No important warnings
9,4875.430415,101000,2,4785.430414988528,True,True,True,5,8.10167376909068,0,,From saved model No important warnings
10,5760.342774,011101,2,5670.34277394497,True,True,True,5,23.84852763444175,0,,From saved model No important warnings
10,5760.342774,011101,2,5670.34277394497,True,True,True,5,23.84852763444175,0,,From saved model No important warnings
1,5753.195954,001101,2,5673.195954419792,True,True,True,4,23.859920270789715,0,0,No important warnings
1,5753.195954,001101,2,5673.195954419792,True,True,True,4,23.859920270789715,0,0,No important warnings
2,4885.430742,101100,2,4785.430742336881,True,True,True,5,8.12990472171795,0,0,No important warnings
2,4885.430742,101100,2,4785.430742336881,True,True,True,5,8.12990472171795,0,0,No important warnings
11,4885.430742,101100,2,4785.430742336881,True,True,True,5,8.12990472171795,0,0,No important warnings
11,4885.430742,101100,2,4785.430742336881,True,True,True,5,8.12990472171795,0,0,No important warnings
0,5673.472028,011111,3,5573.472028461076,True,True,True,6,39.8672461179001,0,,From saved model No important warnings
1,5673.472028,011111,3,5573.472028461076,True,True,True,6,39.8672461179001,0,,From saved model No important warnings
2,5673.472028,011111,3,5573.472028461076,True,True,True,6,39.8672461179001,0,,From saved model No important warnings
3,5673.472028,011111,3,5573.472028461076,True,True,True,6,39.8672461179001,0,,From saved model No important warnings
4,5673.472028,011111,3,5573.472028461076,True,True,True,6,39.8672461179001,0,,From saved model No important warnings
5,5673.472028,011111,3,5573.472028461076,True,True,True,6,39.8672461179001,0,,From saved model No important warnings
6,5673.472028,011111,3,5573.472028461076,True,True,True,6,39.8672461179001,0,,From saved model No important warnings
7,5689.205709,010111,3,5599.205709164732,True,True,True,5,44.26766758857518,0,,From saved model No important warnings
8,5673.472028,011111,3,5573.472028461076,True,True,True,6,39.8672461179001,0,,From saved model No important warnings
8,5673.472028,011111,3,5573.472028461076,True,True,True,6,39.8672461179001,0,,From saved model No important warnings
9,5673.472028,011111,3,5573.472028461076,True,True,True,6,39.8672461179001,0,,From saved model No important warnings
9,5673.472028,011111,3,5573.472028461076,True,True,True,6,39.8672461179001,0,,From saved model No important warnings
10,5673.472028,011111,3,5573.472028461076,True,True,True,6,39.8672461179001,0,,From saved model No important warnings
10,5673.472028,011111,3,5573.472028461076,True,True,True,6,39.8672461179001,0,,From saved model No important warnings
11,5673.472028,011111,3,5573.472028461076,True,True,True,6,39.8672461179001,0,,From saved model No important warnings
11,5673.472028,011111,3,5573.472028461076,True,True,True,6,39.8672461179001,0,,From saved model No important warnings
0,4818.765529,000010,4,4738.765528670225,True,True,True,4,50.903489057726674,0,,From saved model No important warnings
1,4818.765529,000010,4,4738.765528670225,True,True,True,4,50.903489057726674,0,,From saved model No important warnings
2,4818.765529,000010,4,4738.765528670225,True,True,True,4,50.903489057726674,0,,From saved model No important warnings
3,4818.765529,000010,4,4738.765528670225,True,True,True,4,50.903489057726674,0,,From saved model No important warnings
4,4818.765529,000010,4,4738.765528670225,True,True,True,4,50.903489057726674,0,,From saved model No important warnings
5,4818.765529,000010,4,4738.765528670225,True,True,True,4,50.903489057726674,0,,From saved model No important warnings
6,4818.765529,000010,4,4738.765528670225,True,True,True,4,50.903489057726674,0,,From saved model No important warnings
7,4818.765529,000010,4,4738.765528670225,True,True,True,4,50.903489057726674,0,,From saved model No important warnings
8,4818.765529,000010,4,4738.765528670225,True,True,True,4,50.903489057726674,0,,From saved model No important warnings
8,4818.765529,000010,4,4738.765528670225,True,True,True,4,50.903489057726674,0,,From saved model No important warnings
9,4818.765529,000010,4,4738.765528670225,True,True,True,4,50.903489057726674,0,,From saved model No important warnings
9,4818.765529,000010,4,4738.765528670225,True,True,True,4,50.903489057726674,0,,From saved model No important warnings
10,4818.765529,000010,4,4738.765528670225,True,True,True,4,50.903489057726674,0,,From saved model No important warnings
10,4818.765529,000010,4,4738.765528670225,True,True,True,4,50.903489057726674,0,,From saved model No important warnings
11,4818.765529,000010,4,4738.765528670225,True,True,True,4,50.903489057726674,0,,From saved model No important warnings
11,4818.765529,000010,4,4738.765528670225,True,True,True,4,50.903489057726674,0,,From saved model No important warnings
0,5669.313713,001011,5,5589.313712621895,True,True,True,5,70.40258456334769,0,,From saved model No important warnings
1,5669.313713,001011,5,5589.313712621895,True,True,True,5,70.40258456334769,0,,From saved model No important warnings
2,5669.313713,001011,5,5589.313712621895,True,True,True,5,70.40258456334769,0,,From saved model No important warnings
3,5669.313713,001011,5,5589.313712621895,True,True,True,5,70.40258456334769,0,,From saved model No important warnings
4,5669.313713,001011,5,5589.313712621895,True,True,True,5,70.40258456334769,0,,From saved model No important warnings
5,5669.313713,001011,5,5589.313712621895,True,True,True,5,70.40258456334769,0,,From saved model No important warnings
6,5669.313713,001011,5,5589.313712621895,True,True,True,5,70.40258456334769,0,,From saved model No important warnings
7,5669.313713,001011,5,5589.313712621895,True,True,True,5,70.40258456334769,0,,From saved model No important warnings
8,5669.313713,001011,5,5589.313712621895,True,True,True,5,70.40258456334769,0,,From saved model No important warnings
8,5669.313713,001011,5,5589.313712621895,True,True,True,5,70.40258456334769,0,,From saved model No important warnings
9,5669.313713,001011,5,5589.313712621895,True,True,True,5,70.40258456334769,0,,From saved model No important warnings
9,5669.313713,001011,5,5589.313712621895,True,True,True,5,70.40258456334769,0,,From saved model No important warnings
10,5669.313713,001011,5,5589.313712621895,True,True,True,5,70.40258456334769,0,,From saved model No important warnings
10,5669.313713,001011,5,5589.313712621895,True,True,True,5,70.40258456334769,0,,From saved model No important warnings
11,5669.313713,001011,5,5589.313712621895,True,True,True,5,70.40258456334769,0,,From saved model No important warnings
11,5669.313713,001011,5,5589.313712621895,True,True,True,5,70.40258456334769,0,,From saved model No important warnings
0,4818.765529,000010,6,4738.765528670225,True,True,True,4,50.903489057726674,0,,From saved model No important warnings
1,4818.765529,000010,6,4738.765528670225,True,True,True,4,50.903489057726674,0,,From saved model No important warnings
2,4818.765529,000010,6,4738.765528670225,True,True,True,4,50.903489057726674,0,,From saved model No important warnings
3,4818.765529,000010,6,4738.765528670225,True,True,True,4,50.903489057726674,0,,From saved model No important warnings
4,4818.765529,000010,6,4738.765528670225,True,True,True,4,50.903489057726674,0,,From saved model No important warnings
5,4818.765529,000010,6,4738.765528670225,True,True,True,4,50.903489057726674,0,,From saved model No important warnings
6,4818.765529,000010,6,4738.765528670225,True,True,True,4,50.903489057726674,0,,From saved model No important warnings
7,4818.765529,000010,6,4738.765528670225,True,True,True,4,50.903489057726674,0,,From saved model No important warnings
8,4818.765529,000010,6,4738.765528670225,True,True,True,4,50.903489057726674,0,,From saved model No important warnings
8,4818.765529,000010,6,4738.765528670225,True,True,True,4,50.903489057726674,0,,From saved model No important warnings
9,4822.599672,010010,6,4732.599671627191,True,True,True,5,51.833216871884595,0,,From saved model No important warnings
9,4822.599672,010010,6,4732.599671627191,True,True,True,5,51.833216871884595,0,,From saved model No important warnings
10,4818.765529,000010,6,4738.765528670225,True,True,True,4,50.903489057726674,0,,From saved model No important warnings
10,4818.765529,000010,6,4738.765528670225,True,True,True,4,50.903489057726674,0,,From saved model No important warnings
11,4818.765529,000010,6,4738.765528670225,True,True,True,4,50.903489057726674,0,,From saved model No important warnings
11,4818.765529,000010,6,4738.765528670225,True,True,True,4,50.903489057726674,0,,From saved model No important warnings
0,4882.221009,100100,7,4792.221009000265,True,True,True,4,5.793908200221528,0,,From saved model No important warnings
1,4882.221009,100100,7,4792.221009000265,True,True,True,4,5.793908200221528,0,,From saved model No important warnings
2,4882.221009,100100,7,4792.221009000265,True,True,True,4,5.793908200221528,0,,From saved model No important warnings
3,4882.221009,100100,7,4792.221009000265,True,True,True,4,5.793908200221528,0,,From saved model No important warnings
4,4882.221009,100100,7,4792.221009000265,True,True,True,4,5.793908200221528,0,,From saved model No important warnings
5,4882.221009,100100,7,4792.221009000265,True,True,True,4,5.793908200221528,0,,From saved model No important warnings
6,4882.221009,100100,7,4792.221009000265,True,True,True,4,5.793908200221528,0,,From saved model No important warnings
7,4882.221009,100100,7,4792.221009000265,True,True,True,4,5.793908200221528,0,,From saved model No important warnings
8,5772.632008,100101,7,5692.632008303359,True,True,True,4,28.173565509888746,0,,From saved model No important warnings
8,5772.632008,100101,7,5692.632008303359,True,True,True,4,28.173565509888746,0,,From saved model No important warnings
9,4882.221009,100100,7,4792.221009000265,True,True,True,4,5.793908200221528,0,,From saved model No important warnings
9,4882.221009,100100,7,4792.221009000265,True,True,True,4,5.793908200221528,0,,From saved model No important warnings
10,4882.221009,100100,7,4792.221009000265,True,True,True,4,5.793908200221528,0,,From saved model No important warnings
10,4882.221009,100100,7,4792.221009000265,True,True,True,4,5.793908200221528,0,,From saved model No important warnings
11,5772.632008,100101,7,5692.632008303359,True,True,True,4,28.173565509888746,0,,From saved model No important warnings
11,5772.632008,100101,7,5692.632008303359,True,True,True,4,28.173565509888746,0,,From saved model No important warnings
0,4826.178798,101010,8,4726.178798424344,True,True,True,6,57.77807830415078,0,,From saved model No important warnings
1,4826.178798,101010,8,4726.178798424344,True,True,True,6,57.77807830415078,0,,From saved model No important warnings
2,4826.178798,101010,8,4726.178798424344,True,True,True,6,57.77807830415078,0,,From saved model No important warnings
3,4826.178798,101010,8,4726.178798424344,True,True,True,6,57.77807830415078,0,,From saved model No important warnings
4,4826.178798,101010,8,4726.178798424344,True,True,True,6,57.77807830415078,0,,From saved model No important warnings
5,4826.178798,101010,8,4726.178798424344,True,True,True,6,57.77807830415078,0,,From saved model No important warnings
6,4826.178798,101010,8,4726.178798424344,True,True,True,6,57.77807830415078,0,,From saved model No important warnings
7,4826.178798,101010,8,4726.178798424344,True,True,True,6,57.77807830415078,0,,From saved model No important warnings
8,4826.178798,101010,8,4726.178798424344,True,True,True,6,57.77807830415078,0,,From saved model No important warnings
8,4826.178798,101010,8,4726.178798424344,True,True,True,6,57.77807830415078,0,,From saved model No important warnings
9,4826.178798,101010,8,4726.178798424344,True,True,True,6,57.77807830415078,0,,From saved model No important warnings
9,4826.178798,101010,8,4726.178798424344,True,True,True,6,57.77807830415078,0,,From saved model No important warnings
10,4826.178798,101010,8,4726.178798424344,True,True,True,6,57.77807830415078,0,,From saved model No important warnings
10,4826.178798,101010,8,4726.178798424344,True,True,True,6,57.77807830415078,0,,From saved model No important warnings
11,4826.178798,101010,8,4726.178798424344,True,True,True,6,57.77807830415078,0,,From saved model No important warnings
11,4826.178798,101010,8,4726.178798424344,True,True,True,6,57.77807830415078,0,,From saved model No important warnings
0,4942.578000,110110,9,4732.578000207513,True,True,True,6,5626787.4201463545,0,,From saved model No important warnings
1,4942.578000,110110,9,4732.578000207513,True,True,True,6,5626787.4201463545,0,,From saved model No important warnings
3,4942.578000,110110,9,4732.578000207513,True,True,True,6,5626787.4201463545,0,,From saved model No important warnings
5,4942.578000,110110,9,4732.578000207513,True,True,True,6,5626787.4201463545,0,,From saved model No important warnings
6,4942.578000,110110,9,4732.578000207513,True,True,True,6,5626787.4201463545,0,,From saved model No important warnings
7,4942.578000,110110,9,4732.578000207513,True,True,True,6,5626787.4201463545,0,,From saved model No important warnings
8,4942.578000,110110,9,4732.578000207513,True,True,True,6,5626787.4201463545,0,,From saved model No important warnings
4,4946.138450,111110,9,4726.138450226663,True,True,True,7,8807287.627976008,0,0,No important warnings
11,4942.578000,110110,9,4732.578000207513,True,True,True,6,5626787.4201463545,0,,From saved model No important warnings
11,4942.578000,110110,9,4732.578000207513,True,True,True,6,5626787.4201463545,0,,From saved model No important warnings
2,4946.138450,111110,9,4726.138450226663,True,True,True,7,8807287.627976008,0,0,No important warnings
2,4946.138450,111110,9,4726.138450226663,True,True,True,7,8807287.627976008,0,0,No important warnings
9,4946.138450,111110,9,4726.138450226663,True,True,True,7,8807287.627976008,0,0,No important warnings
9,4946.138450,111110,9,4726.138450226663,True,True,True,7,8807287.627976008,0,0,No important warnings
10,4946.138450,111110,9,4726.138450226663,True,True,True,7,8807287.627976008,0,0,No important warnings
10,4946.138450,111110,9,4726.138450226663,True,True,True,7,8807287.627976008,0,0,No important warnings
3,4872.220634,010000,0,4792.2206337106845,True,True,True,4,5.75441342408438,0,0,No important warnings
1,5736.422779,100001,0,5666.422778970122,True,True,True,4,16.657736510228677,0,0,No important warnings
2,4867.911024,000000,0,4797.91102418587,True,True,True,3,4.623717288007172,0,0,No important warnings
0,5849.872187,111101,0,5649.8721871093885,True,True,True,6,2390086.4554057126,0,0,No important warnings
4,5669.995082,100011,0,5589.99508188576,True,True,True,5,65.47525424006457,0,0,No important warnings
6,5783.451397,111011,0,5583.451397339267,True,True,True,7,200006787.2361291,0,0,No important warnings
5,4946.138450,111110,0,4726.138450226663,True,True,True,7,8807287.627976008,0,0,No important warnings
7,5882.632004,110101,0,5692.632003655813,True,True,True,5,1392573.1213445293,0,0,No important warnings
10,5849.872187,111101,0,5649.8721871093885,True,True,True,6,2390086.4554057126,0,,From saved model No important warnings
10,5849.872187,111101,0,5649.8721871093885,True,True,True,6,2390086.4554057126,0,,From saved model No important warnings
10,5849.872187,111101,0,5649.8721871093885,True,True,True,6,2390086.4554057126,0,,From saved model No important warnings
8,5733.129804,000001,0,5673.129803784894,True,True,True,3,18.797015669429832,0,0,No important warnings
8,5733.129804,000001,0,5673.129803784894,True,True,True,3,18.797015669429832,0,0,No important warnings
9,5846.422780,110001,0,5666.422779565473,True,True,True,5,40564276.614498354,0,0,No important warnings
9,5846.422780,110001,0,5666.422779565473,True,True,True,5,40564276.614498354,0,0,No important warnings
11,4882.221009,100100,0,4792.221009000265,True,True,True,4,5.793908200221528,0,0,No important warnings
11,4882.221009,100100,0,4792.221009000265,True,True,True,4,5.793908200221528,0,0,No important warnings
0,4985.430436,111000,1,4785.430436442369,True,True,True,6,55540647.48149684,0,0,No important warnings
4,4985.430436,111000,1,4785.430436442369,True,True,True,6,55540647.48149684,0,,From saved model No important warnings
5,4985.430436,111000,1,4785.430436442369,True,True,True,6,55540647.48149684,0,,From saved model No important warnings
2,4936.178800,111010,1,4726.178799521327,True,True,True,7,2103442.079380313,0,0,No important warnings
7,4936.178800,111010,1,4726.178799521327,True,True,True,7,2103442.079380313,0,,From saved model No important warnings
8,4985.430436,111000,1,4785.430436442369,True,True,True,6,55540647.48149684,0,,From saved model No important warnings
9,4936.178800,111010,1,4726.178799521327,True,True,True,7,2103442.079380313,0,,From saved model No important warnings
10,4985.430436,111000,1,4785.430436442369,True,True,True,6,55540647.48149684,0,,From saved model No important warnings
11,4985.430436,111000,1,4785.430436442369,True,True,True,6,55540647.48149684,0,,From saved model No important warnings
11,4985.430436,111000,1,4785.430436442369,True,True,True,6,55540647.48149684,0,,From saved model No important warnings
1,4985.430436,111000,1,4785.430436442369,True,True,True,6,55540647.48149684,0,0,No important warnings
1,4985.430436,111000,1,4785.430436442369,True,True,True,6,55540647.48149684,0,0,No important warnings
3,4936.178800,111010,1,4726.178799521327,True,True,True,7,2103442.079380313,0,0,No important warnings
3,4936.178800,111010,1,4726.178799521327,True,True,True,7,2103442.079380313,0,0,No important warnings
6,4936.178800,111010,1,4726.178799521327,True,True,True,7,2103442.079380313,0,0,No important warnings
6,4936.178800,111010,1,4726.178799521327,True,True,True,7,2103442.079380313,0,0,No important warnings
3,5772.632008,100101,2,5692.632008303359,True,True,True,4,28.173565509888746,0,0,No important warnings
0,5739.872187,101101,2,5649.872186581825,True,True,True,5,25.83500162734159,0,0,No important warnings
1,5772.632008,100101,2,5692.632008303359,True,True,True,4,28.173565509888746,0,0,No important warnings
5,5772.632008,100101,2,5692.632008303359,True,True,True,4,28.173565509888746,0,,From saved model No important warnings
6,5772.632008,100101,2,5692.632008303359,True,True,True,4,28.173565509888746,0,,From saved model No important warnings
8,5739.872187,101101,2,5649.872186581825,True,True,True,5,25.83500162734159,0,,From saved model No important warnings
2,5772.632008,100101,2,5692.632008303359,True,True,True,4,28.173565509888746,0,0,No important warnings
4,5739.283750,101001,2,5659.283749649409,True,True,True,5,19.262658862117714,0,0,No important warnings
9,5739.283750,101001,2,5659.283749649409,True,True,True,5,19.262658862117714,0,0,No important warnings
9,5739.283750,101001,2,5659.283749649409,True,True,True,5,19.262658862117714,0,0,No important warnings
11,5739.872187,101101,2,5649.872186581825,True,True,True,5,25.83500162734159,0,,From saved model No important warnings
11,5739.872187,101101,2,5649.872186581825,True,True,True,5,25.83500162734159,0,,From saved model No important warnings
7,5739.283750,101001,2,5659.283749649409,True,True,True,5,19.262658862117714,0,0,No important warnings
7,5739.283750,101001,2,5659.283749649409,True,True,True,5,19.262658862117714,0,0,No important warnings
10,5739.283750,101001,2,5659.283749649409,True,True,True,5,19.262658862117714,0,0,No important warnings
10,5739.283750,101001,2,5659.283749649409,True,True,True,5,19.262658862117714,0,0,No important warnings
2,4822.599672,100010,3,4732.599671912545,True,True,True,5,51.71855336223912,0,0,No important warnings
0,4822.599672,100010,3,4732.599671912545,True,True,True,5,51.71855336223912,0,0,No important warnings
1,4822.599672,100010,3,4732.599671912545,True,True,True,5,51.71855336223912,0,0,No important warnings
4,4822.599672,100010,3,4732.599671912545,True,True,True,5,51.71855336223912,0,,From saved model No important warnings
3,4822.599672,100010,3,4732.599671912545,True,True,True,5,51.71855336223912,0,0,No important warnings
6,4822.599672,100010,3,4732.599671912545,True,True,True,5,51.71855336223912,0,,From saved model No important warnings
7,4822.599672,100010,3,4732.599671912545,True,True,True,5,51.71855336223912,0,,From saved model No important warnings
8,4822.599672,100010,3,4732.599671912545,True,True,True,5,51.71855336223912,0,,From saved model No important warnings
9,4822.599672,100010,3,4732.599671912545,True,True,True,5,51.71855336223912,0,,From saved model No important warnings
9,4822.599672,100010,3,4732.599671912545,True,True,True,5,51.71855336223912,0,,From saved model No important warnings
10,4822.599672,100010,3,4732.599671912545,True,True,True,5,51.71855336223912,0,,From saved model No important warnings
10,4822.599672,100010,3,4732.599671912545,True,True,True,5,51.71855336223912,0,,From saved model No important warnings
11,4822.599672,100010,3,4732.599671912545,True,True,True,5,51.71855336223912,0,,From saved model No important warnings
11,4822.599672,100010,3,4732.599671912545,True,True,True,5,51.71855336223912,0,,From saved model No important warnings
5,4832.578000,100110,3,4732.577999788176,True,True,True,5,53.65368149005296,0,0,No important warnings
5,4832.578000,100110,3,4732.577999788176,True,True,True,5,53.65368149005296,0,0,No important warnings
3,4885.430743,011100,4,4785.430742602432,True,True,True,5,8.022554959221322,0,0,No important warnings
0,4836.178086,011110,4,4726.178086012689,True,True,True,6,58.99736007089474,0,0,No important warnings
2,4885.430743,011100,4,4785.430742602432,True,True,True,5,8.022554959221322,0,0,No important warnings
4,4946.138450,111110,4,4726.138450226663,True,True,True,7,8807287.627976008,0,,From saved model No important warnings
5,4836.178086,011110,4,4726.178086012689,True,True,True,6,58.99736007089474,0,,From saved model No important warnings
6,4836.178086,011110,4,4726.178086012689,True,True,True,6,58.99736007089474,0,,From saved model No important warnings
7,4946.138450,111110,4,4726.138450226663,True,True,True,7,8807287.627976008,0,,From saved model No important warnings
8,4836.178086,011110,4,4726.178086012689,True,True,True,6,58.99736007089474,0,,From saved model No important warnings
9,4836.178086,011110,4,4726.178086012689,True,True,True,6,58.99736007089474,0,,From saved model No important warnings
10,4946.138450,111110,4,4726.138450226663,True,True,True,7,8807287.627976008,0,,From saved model No important warnings
11,4836.178086,011110,4,4726.178086012689,True,True,True,6,58.99736007089474,0,,From saved model No important warnings
11,4836.178086,011110,4,4726.178086012689,True,True,True,6,58.99736007089474,0,,From saved model No important warnings
9,4836.178086,011110,4,4726.178086012689,True,True,True,6,58.99736007089474,0,,From saved model No important warnings
9,4836.178086,011110,4,4726.178086012689,True,True,True,6,58.99736007089474,0,,From saved model No important warnings
10,4946.138450,111110,4,4726.138450226663,True,True,True,7,8807287.627976008,0,,From saved model No important warnings
10,4946.138450,111110,4,4726.138450226663,True,True,True,7,8807287.627976008,0,,From saved model No important warnings
1,4836.178086,011110,4,4726.178086012689,True,True,True,6,58.99736007089474,0,0,No important warnings
1,4836.178086,011110,4,4726.178086012689,True,True,True,6,58.99736007089474,0,0,No important warnings
2,5669.313713,001011,5,5589.313712621895,True,True,True,5,70.40258456334769,0,0,No important warnings
4,5669.313713,001011,5,5589.313712621895,True,True,True,5,70.40258456334769,0,,From saved model No important warnings
3,5669.313713,001011,5,5589.313712621895,True,True,True,5,70.40258456334769,0,0,No important warnings
0,5673.451399,101011,5,5583.451398779233,True,True,True,6,72.1701345146513,0,0,No important warnings
1,5669.313713,001011,5,5589.313712621895,True,True,True,5,70.40258456334769,0,0,No important warnings
6,5669.313713,001011,5,5589.313712621895,True,True,True,5,70.40258456334769,0,,From saved model No important warnings
7,5669.313713,001011,5,5589.313712621895,True,True,True,5,70.40258456334769,0,,From saved model No important warnings
8,5673.451399,101011,5,5583.451398779233,True,True,True,6,72.1701345146513,0,,From saved model No important warnings
9,5673.451399,101011,5,5583.451398779233,True,True,True,6,72.1701345146513,0,,From saved model No important warnings
10,5669.313713,001011,5,5589.313712621895,True,True,True,5,70.40258456334769,0,,From saved model No important warnings
10,5669.313713,001011,5,5589.313712621895,True,True,True,5,70.40258456334769,0,,From saved model No important warnings
11,5669.313713,001011,5,5589.313712621895,True,True,True,5,70.40258456334769,0,,From saved model No important warnings
11,5669.313713,001011,5,5589.313712621895,True,True,True,5,70.40258456334769,0,,From saved model No important warnings
9,5673.451399,101011,5,5583.451398779233,True,True,True,6,72.1701345146513,0,,From saved model No important warnings
9,5673.451399,101011,5,5583.451398779233,True,True,True,6,72.1701345146513,0,,From saved model No important warnings
5,5664.744813,001111,5,5574.744813039854,True,True,True,5,30.815158966783347,0,0,No important warnings
5,5664.744813,001111,5,5574.744813039854,True,True,True,5,30.815158966783347,0,0,No important warnings
3,5739.872187,101101,6,5649.872186581825,True,True,True,5,25.83500162734159,0,,From saved model No important warnings
1,5734.664617,001001,6,5664.66461651907,True,True,True,4,20.04455824712298,0,0,No important warnings
2,5734.664617,001001,6,5664.66461651907,True,True,True,4,20.04455824712298,0,0,No important warnings
4,5753.195954,001101,6,5673.195954419792,True,True,True,4,23.859920270789715,0,0,No important warnings
0,5753.195954,001101,6,5673.195954419792,True,True,True,4,23.859920270789715,0,0,No important warnings
7,5753.195954,001101,6,5673.195954419792,True,True,True,4,23.859920270789715,0,,From saved model No important warnings
8,5753.195954,001101,6,5673.195954419792,True,True,True,4,23.859920270789715,0,,From saved model No important warnings
9,5753.195954,001101,6,5673.195954419792,True,True,True,4,23.859920270789715,0,,From saved model No important warnings
10,5739.872187,101101,6,5649.872186581825,True,True,True,5,25.83500162734159,0,,From saved model No important warnings
10,5739.872187,101101,6,5649.872186581825,True,True,True,5,25.83500162734159,0,,From saved model No important warnings
11,5739.872187,101101,6,5649.872186581825,True,True,True,5,25.83500162734159,0,,From saved model No important warnings
11,5739.872187,101101,6,5649.872186581825,True,True,True,5,25.83500162734159,0,,From saved model No important warnings
5,5753.195954,001101,6,5673.195954419792,True,True,True,4,23.859920270789715,0,0,No important warnings
5,5753.195954,001101,6,5673.195954419792,True,True,True,4,23.859920270789715,0,0,No important warnings
6,5753.195954,001101,6,5673.195954419792,True,True,True,4,23.859920270789715,0,0,No important warnings
6,5753.195954,001101,6,5673.195954419792,True,True,True,4,23.859920270789715,0,0,No important warnings
2,5779.995080,110011,7,5589.995080089321,True,True,True,6,7420975.450615214,0,0,No important warnings
4,5779.995080,110011,7,5589.995080089321,True,True,True,6,7420975.450615214,0,,From saved model No important warnings
5,5779.995080,110011,7,5589.995080089321,True,True,True,6,7420975.450615214,0,,From saved model No important warnings
6,5779.995080,110011,7,5589.995080089321,True,True,True,6,7420975.450615214,0,,From saved model No important warnings
7,5779.995080,110011,7,5589.995080089321,True,True,True,6,7420975.450615214,0,,From saved model No important warnings
8,5779.995080,110011,7,5589.995080089321,True,True,True,6,7420975.450615214,0,,From saved model No important warnings
9,5779.995080,110011,7,5589.995080089321,True,True,True,6,7420975.450615214,0,,From saved model No important warnings
10,5779.995080,110011,7,5589.995080089321,True,True,True,6,7420975.450615214,0,,From saved model No important warnings
3,5779.995080,110011,7,5589.995080089321,True,True,True,6,7420975.450615214,0,0,No important warnings
0,5779.995080,110011,7,5589.995080089321,True,True,True,6,7420975.450615214,0,0,No important warnings
0,5779.995080,110011,7,5589.995080089321,True,True,True,6,7420975.450615214,0,0,No important warnings
1,5779.995080,110011,7,5589.995080089321,True,True,True,6,7420975.450615214,0,0,No important warnings
1,5779.995080,110011,7,5589.995080089321,True,True,True,6,7420975.450615214,0,0,No important warnings
11,5779.995080,110011,7,5589.995080089321,True,True,True,6,7420975.450615214,0,,From saved model No important warnings
11,5779.995080,110011,7,5589.995080089321,True,True,True,6,7420975.450615214,0,,From saved model No important warnings
3,5779.995080,110011,7,5589.995080089321,True,True,True,6,7420975.450615214,0,0,No important warnings
3,5779.995080,110011,7,5589.995080089321,True,True,True,6,7420975.450615214,0,0,No important warnings
1,4832.578003,010110,8,4732.57800320048,True,True,True,5,53.65089551473939,0,0,No important warnings
3,4832.578003,010110,8,4732.57800320048,True,True,True,5,53.65089551473939,0,0,No important warnings
0,4832.578003,010110,8,4732.57800320048,True,True,True,5,53.65089551473939,0,0,No important warnings
4,4832.578003,010110,8,4732.57800320048,True,True,True,5,53.65089551473939,0,,From saved model No important warnings
2,4832.578003,010110,8,4732.57800320048,True,True,True,5,53.65089551473939,0,0,No important warnings
5,4832.578003,010110,8,4732.57800320048,True,True,True,5,53.65089551473939,0,,From saved model No important warnings
6,4832.578003,010110,8,4732.57800320048,True,True,True,5,53.65089551473939,0,,From saved model No important warnings
7,4832.578003,010110,8,4732.57800320048,True,True,True,5,53.65089551473939,0,,From saved model No important warnings
8,4832.578003,010110,8,4732.57800320048,True,True,True,5,53.65089551473939,0,,From saved model No important warnings
9,4832.578003,010110,8,4732.57800320048,True,True,True,5,53.65089551473939,0,,From saved model No important warnings
10,4832.578003,010110,8,4732.57800320048,True,True,True,5,53.65089551473939,0,,From saved model No important warnings
10,4832.578003,010110,8,4732.57800320048,True,True,True,5,53.65089551473939,0,,From saved model No important warnings
11,4832.578003,010110,8,4732.57800320048,True,True,True,5,53.65089551473939,0,,From saved model No important warnings
11,4832.578003,010110,8,4732.57800320048,True,True,True,5,53.65089551473939,0,,From saved model No important warnings
8,4832.578003,010110,8,4732.57800320048,True,True,True,5,53.65089551473939,0,,From saved model No important warnings
8,4832.578003,010110,8,4732.57800320048,True,True,True,5,53.65089551473939,0,,From saved model No important warnings
9,4832.578003,010110,8,4732.57800320048,True,True,True,5,53.65089551473939,0,,From saved model No important warnings
9,4832.578003,010110,8,4732.57800320048,True,True,True,5,53.65089551473939,0,,From saved model No important warnings
3,99999999.000000,2012000320,0,99999999,None,False,False,10,99999999,0,0,No important warnings
2,99999999.000000,1102120011,0,99999999,None,False,False,10,99999999,0,0,No important warnings
0,99999999.000000,2010101200,0,99999999,None,False,False,10,99999999,0,0,NON-FIXED OMEGA NON-FIXED PARAMETER 
1,5051.017885,0101021120,0,4721.017875415295,True,True,False,8,48619925.32562387,0,0,No important warnings
4,4937.674024,0012001010,0,4727.6740238191005,True,True,False,6,129.96367650008,0,0,No important warnings
6,5743.422996,0111001121,0,5523.42298599875,True,True,True,7,10694.48132653359,0,0,No important warnings
9,99999999.000000,2002010000,0,99999999,None,False,False,10,99999999,0,0,No important warnings
8,4967.675830,0110021410,0,4727.675820016552,True,True,False,6,-3.3860374946573216e+16,0,0,NON-FIXED OMEGA NON-FIXED PARAMETER 
5,5276.488638,0012121310,0,4926.488637750588,False,True,False,8,-3.1872502508592205e+17,0,0,NON-FIXED OMEGA NON-FIXED PARAMETER 
5,5276.488638,0012121310,0,4926.488637750588,False,True,False,8,-3.1872502508592205e+17,0,0,NON-FIXED OMEGA NON-FIXED PARAMETER 
10,99999999.000000,2111011300,0,99999999,None,False,False,12,99999999,0,0,NON-FIXED OMEGA NON-FIXED PARAMETER 
10,99999999.000000,2111011300,0,99999999,None,False,False,12,99999999,0,0,NON-FIXED OMEGA NON-FIXED PARAMETER 
11,99999999.000000,2011110020,0,99999999,None,False,False,12,99999999,0,0,No important warnings
11,99999999.000000,2011110020,0,99999999,None,False,False,12,99999999,0,0,No important warnings
7,9064.681210,0011121421,0,8504.681209540233,False,False,False,9,99999999,0,0,No important warnings
7,9064.681210,0011121421,0,8504.681209540233,False,False,False,9,99999999,0,0,No important warnings
0,99999999.000000,2002101120,0,99999999,None,False,False,12,99999999,0,0,No important warnings
3,99999999.000000,2102120420,0,99999999,None,False,False,13,99999999,0,0,No important warnings
4,99999999.000000,2001111100,0,99999999,None,False,False,12,99999999,0,0,No important warnings
1,4951.566535,1012100210,0,4711.5665345854495,True,True,True,8,125591283.17160724,0,0,NON-FIXED OMEGA NON-FIXED PARAMETER 
6,99999999.000000,2012101400,0,99999999,None,False,False,11,99999999,0,0,NON-FIXED OMEGA NON-FIXED PARAMETER 
5,5695.649664,0100021301,0,5585.64965367881,True,True,True,6,148.36226310099022,0,0,NON-FIXED OMEGA NON-FIXED PARAMETER 
8,99999999.000000,2002021320,0,99999999,None,False,False,12,99999999,0,0,No important warnings
9,99999999.000000,2101101121,0,99999999,None,False,False,13,99999999,0,0,No important warnings
10,99999999.000000,2102121320,0,99999999,None,False,False,14,99999999,0,0,No important warnings
7,99999999.000000,0112121201,0,99999999,False,False,False,8,99999999,0,0,NON-FIXED OMEGA NON-FIXED PARAMETER 
11,99999999.000000,2002120321,0,99999999,None,False,False,12,99999999,0,0,No important warnings
13,99999999.000000,2012010221,0,99999999,None,False,False,11,99999999,0,0,No important warnings
12,99999999.000000,2111101320,0,99999999,None,False,False,13,99999999,0,0,No important warnings
15,99999999.000000,2010121320,0,99999999,None,False,False,12,99999999,0,0,No important warnings
2,5301.567664,1101121420,0,4711.56766431383,False,False,False,12,99999999,0,0,No important warnings
16,5902.719465,0002120301,0,5582.71946488072,False,True,True,7,2602.602957364546,0,0,NON-FIXED OMEGA NON-FIXED PARAMETER 
14,5634.999458,0010121221,0,5504.999457711853,True,True,True,8,10.062550929957416,0,0,No important warnings
19,99999999.000000,2101121220,0,99999999,None,False,False,14,99999999,0,0,No important warnings
20,99999999.000000,2102021100,0,99999999,None,False,False,12,99999999,0,0,No important warnings
22,99999999.000000,2101000111,0,99999999,None,False,False,10,99999999,0,0,No important warnings
18,6011.562464,1101020421,0,5451.562463856531,False,False,False,10,99999999,0,0,No important warnings
21,4840.767850,1012011000,0,4700.767849665468,True,True,True,9,403.37721856579094,0,0,No important warnings
23,99999999.000000,2112120321,0,99999999,None,False,False,13,99999999,0,0,No important warnings
17,5909.022429,0112110321,0,5469.022419118917,False,True,False,8,4310950816.765972,0,0,No important warnings
25,99999999.000000,2101011111,0,99999999,None,False,False,12,99999999,0,0,No important warnings
24,6119.498408,1002010401,0,5579.498407887401,False,False,False,8,99999999,0,0,NON-FIXED OMEGA NON-FIXED PARAMETER 
28,4846.302716,0002010300,0,4726.3027158117775,True,True,True,6,57.936311162584886,0,0,NON-FIXED OMEGA NON-FIXED PARAMETER 
28,4846.302716,0002010300,0,4726.3027158117775,True,True,True,6,57.936311162584886,0,0,NON-FIXED OMEGA NON-FIXED PARAMETER 
26,5076.343434,1102120320,0,4706.343434111458,True,True,False,11,1942588832.7229502,0,0,No important warnings
26,5076.343434,1102120320,0,4706.343434111458,True,True,False,11,1942588832.7229502,0,0,No important warnings
27,5905.322439,0010010421,0,5475.322439187434,True,False,False,6,99999999,0,0,No important warnings
27,5905.322439,0010010421,0,5475.322439187434,True,False,False,6,99999999,0,0,No important warnings
29,5066.627650,1012101310,0,4706.627649723777,True,True,False,9,85763824071.30888,0,0,NON-FIXED OMEGA NON-FIXED PARAMETER 
29,5066.627650,1012101310,0,4706.627649723777,True,True,False,9,85763824071.30888,0,0,NON-FIXED OMEGA NON-FIXED PARAMETER 
2,5499.047898,1112011120,1,4929.047897737456,False,False,False,11,99999999,0,0,No important warnings
4,5499.047898,1112011120,1,4929.047897737456,False,False,False,11,99999999,0,,From saved model No important warnings
5,5499.047898,1112011120,1,4929.047897737456,False,False,False,11,99999999,0,,From saved model No important warnings
6,5499.047898,1112011120,1,4929.047897737456,False,False,False,11,99999999,0,,From saved model No important warnings
3,4857.227006,1112011200,1,4697.227005502653,True,True,True,10,865.0703476295932,0,0,NON-FIXED OMEGA NON-FIXED PARAMETER 
1,5066.670999,1112021120,1,4696.670998941747,True,True,False,11,739816811.8331436,0,0,No important warnings
0,5307.631606,1112021220,1,4737.631605534748,False,False,False,11,99999999,0,0,No important warnings
10,5499.047898,1112011120,1,4929.047897737456,False,False,False,11,99999999,0,,From saved model No important warnings
11,5499.047898,1112011120,1,4929.047897737456,False,False,False,11,99999999,0,,From saved model No important warnings
12,5066.670999,1112021120,1,4696.670998941747,True,True,False,11,739816811.8331436,0,,From saved model No important warnings
13,5499.047898,1112011120,1,4929.047897737456,False,False,False,11,99999999,0,,From saved model No important warnings
14,5499.047898,1112011120,1,4929.047897737456,False,False,False,11,99999999,0,,From saved model No important warnings
15,99999999.000000,1112011220,1,99999999,False,False,False,11,99999999,0,0,No important warnings
7,4857.081670,1112021100,1,4697.081670314319,True,True,True,10,811.3949457649737,0,0,No important warnings
16,5499.047898,1112011120,1,4929.047897737456,False,False,False,11,99999999,0,,From saved model No important warnings
18,5499.047898,1112011120,1,4929.047897737456,False,False,False,11,99999999,0,,From saved model No important warnings
19,5499.047898,1112011120,1,4929.047897737456,False,False,False,11,99999999,0,,From saved model No important warnings
20,5499.047898,1112011120,1,4929.047897737456,False,False,False,11,99999999,0,,From saved model No important warnings
21,99999999.000000,1112011220,1,99999999,False,False,False,11,99999999,0,,From saved model No important warnings
22,5499.047898,1112011120,1,4929.047897737456,False,False,False,11,99999999,0,,From saved model No important warnings
23,5499.047898,1112011120,1,4929.047897737456,False,False,False,11,99999999,0,,From saved model No important warnings
24,5066.670999,1112021120,1,4696.670998941747,True,True,False,11,739816811.8331436,0,,From saved model No important warnings
25,5499.047898,1112011120,1,4929.047897737456,False,False,False,11,99999999,0,,From saved model No important warnings
26,4857.227006,1112011200,1,4697.227005502653,True,True,True,10,865.0703476295932,0,,From saved model NON-FIXED OMEGA NON-FIXED PARAMETER 
27,4857.081670,1112021100,1,4697.081670314319,True,True,True,10,811.3949457649737,0,,From saved model No important warnings
28,5499.047898,1112011120,1,4929.047897737456,False,False,False,11,99999999,0,,From saved model No important warnings
29,5066.670999,1112021120,1,4696.670998941747,True,True,False,11,739816811.8331436,0,,From saved model No important warnings
29,5066.670999,1112021120,1,4696.670998941747,True,True,False,11,739816811.8331436,0,,From saved model No important warnings
9,5307.631606,1112021220,1,4737.631605534748,False,False,False,11,99999999,0,0,No important warnings
9,5307.631606,1112021220,1,4737.631605534748,False,False,False,11,99999999,0,0,No important warnings
8,4857.227148,1112011100,1,4697.227148330011,True,True,True,10,988.7750347043421,0,0,No important warnings
8,4857.227148,1112011100,1,4697.227148330011,True,True,True,10,988.7750347043421,0,0,No important warnings
17,4857.227148,1112011100,1,4697.227148330011,True,True,True,10,988.7750347043421,0,0,No important warnings
17,4857.227148,1112011100,1,4697.227148330011,True,True,True,10,988.7750347043421,0,0,No important warnings
3,99999999.000000,1001111310,2,99999999,None,False,False,10,99999999,0,0,NON-FIXED OMEGA NON-FIXED PARAMETER 
0,99999999.000000,1102111320,2,99999999,None,False,False,12,99999999,0,0,No important warnings
1,5171.083300,1101111310,2,4701.083299665974,True,False,False,11,99999999,0,0,NON-FIXED OMEGA NON-FIXED PARAMETER 
2,5081.374377,1101111320,2,4701.374377150753,True,True,False,12,11273297130.974386,0,0,No important warnings
4,4970.979400,1002111320,2,4700.979399522296,True,True,True,11,8989.789457569905,0,0,No important warnings
5,4970.979400,1002111320,2,4700.979399522296,True,True,True,11,8989.789457569905,0,0,No important warnings
6,5071.089707,1001111320,2,4701.0897073399,True,True,False,11,5576936.988133463,0,0,No important warnings
10,5081.374377,1101111320,2,4701.374377150753,True,True,False,12,11273297130.974386,0,,From saved model No important warnings
11,99999999.000000,1102111320,2,99999999,None,False,False,12,99999999,0,,From saved model No important warnings
12,99999999.000000,1102111320,2,99999999,None,False,False,12,99999999,0,,From saved model No important warnings
13,5081.374377,1101111320,2,4701.374377150753,True,True,False,12,11273297130.974386,0,,From saved model No important warnings
14,99999999.000000,1102111320,2,99999999,None,False,False,12,99999999,0,,From saved model No important warnings
15,99999999.000000,1001111310,2,99999999,None,False,False,10,99999999,0,,From saved model NON-FIXED OMEGA NON-FIXED PARAMETER 
16,5081.374377,1101111320,2,4701.374377150753,True,True,False,12,11273297130.974386,0,,From saved model No important warnings
17,5071.089707,1001111320,2,4701.0897073399,True,True,False,11,5576936.988133463,0,,From saved model No important warnings
18,99999999.000000,1102111320,2,99999999,None,False,False,12,99999999,0,,From saved model No important warnings
19,5081.374377,1101111320,2,4701.374377150753,True,True,False,12,11273297130.974386,0,,From saved model No important warnings
20,99999999.000000,1102111320,2,99999999,None,False,False,12,99999999,0,,From saved model No important warnings
21,4970.979400,1002111320,2,4700.979399522296,True,True,True,11,8989.789457569905,0,,From saved model No important warnings
22,5071.089707,1001111320,2,4701.0897073399,True,True,False,11,5576936.988133463,0,,From saved model No important warnings
23,5071.089707,1001111320,2,4701.0897073399,True,True,False,11,5576936.988133463,0,,From saved model No important warnings
24,99999999.000000,1102111320,2,99999999,None,False,False,12,99999999,0,,From saved model No important warnings
25,4970.979400,1002111320,2,4700.979399522296,True,True,True,11,8989.789457569905,0,,From saved model No important warnings
26,5071.089707,1001111320,2,4701.0897073399,True,True,False,11,5576936.988133463,0,,From saved model No important warnings
27,5171.083300,1101111310,2,4701.083299665974,True,False,False,11,99999999,0,,From saved model NON-FIXED OMEGA NON-FIXED PARAMETER 
28,5081.374377,1101111320,2,4701.374377150753,True,True,False,12,11273297130.974386,0,,From saved model No important warnings
29,5081.374377,1101111320,2,4701.374377150753,True,True,False,12,11273297130.974386,0,,From saved model No important warnings
29,5081.374377,1101111320,2,4701.374377150753,True,True,False,12,11273297130.974386,0,,From saved model No important warnings
8,5446.397926,1101111020,2,4986.397925745145,False,True,False,12,4117597146125.657,0,0,No important warnings
8,5446.397926,1101111020,2,4986.397925745145,False,True,False,12,4117597146125.657,0,0,No important warnings
7,4970.979400,1002111320,2,4700.979399522296,True,True,True,11,8989.789457569905,0,0,No important warnings
7,4970.979400,1002111320,2,4700.979399522296,True,True,True,11,8989.789457569905,0,0,No important warnings
9,5071.089707,1001111320,2,4701.0897073399,True,True,False,11,5576936.988133463,0,0,No important warnings
9,5071.089707,1001111320,2,4701.0897073399,True,True,False,11,5576936.988133463,0,0,No important warnings
0,99999999.000000,2112120220,3,99999999,None,False,False,13,99999999,0,0,No important warnings
3,99999999.000000,2012120420,3,99999999,None,False,False,12,99999999,0,0,No important warnings
1,99999999.000000,2012120420,3,99999999,None,False,False,12,99999999,0,0,No important warnings
2,99999999.000000,2012120420,3,99999999,None,False,False,12,99999999,0,0,No important warnings
5,99999999.000000,2012120420,3,99999999,None,False,False,12,99999999,0,,From saved model No important warnings
6,99999999.000000,2012120420,3,99999999,None,False,False,12,99999999,0,,From saved model No important warnings
9,99999999.000000,2012120420,3,99999999,None,False,False,12,99999999,0,,From saved model No important warnings
10,99999999.000000,2012120420,3,99999999,None,False,False,12,99999999,0,,From saved model No important warnings
4,99999999.000000,2012120420,3,99999999,None,False,False,12,99999999,0,0,No important warnings
7,99999999.000000,2012120220,3,99999999,None,False,False,12,99999999,0,0,No important warnings
12,99999999.000000,2012120420,3,99999999,None,False,False,12,99999999,0,,From saved model No important warnings
13,99999999.000000,2012120420,3,99999999,None,False,False,12,99999999,0,,From saved model No important warnings
15,99999999.000000,2012120420,3,99999999,None,False,False,12,99999999,0,,From saved model No important warnings
16,99999999.000000,2012120420,3,99999999,None,False,False,12,99999999,0,,From saved model No important warnings
17,99999999.000000,2012120420,3,99999999,None,False,False,12,99999999,0,,From saved model No important warnings
18,99999999.000000,2012120420,3,99999999,None,False,False,12,99999999,0,,From saved model No important warnings
19,99999999.000000,2012120420,3,99999999,None,False,False,12,99999999,0,,From saved model No important warnings
14,99999999.000000,2012020420,3,99999999,None,False,False,11,99999999,0,0,No important warnings
21,99999999.000000,2012120420,3,99999999,None,False,False,12,99999999,0,,From saved model No important warnings
22,99999999.000000,2012120420,3,99999999,None,False,False,12,99999999,0,,From saved model No important warnings
23,99999999.000000,2012120420,3,99999999,None,False,False,12,99999999,0,,From saved model No important warnings
24,99999999.000000,2012120220,3,99999999,None,False,False,12,99999999,0,,From saved model No important warnings
25,99999999.000000,2012120420,3,99999999,None,False,False,12,99999999,0,,From saved model No important warnings
26,99999999.000000,2012120420,3,99999999,None,False,False,12,99999999,0,,From saved model No important warnings
27,99999999.000000,2012120420,3,99999999,None,False,False,12,99999999,0,,From saved model No important warnings
28,99999999.000000,2012120420,3,99999999,None,False,False,12,99999999,0,,From saved model No important warnings
29,99999999.000000,2012120420,3,99999999,None,False,False,12,99999999,0,,From saved model No important warnings
29,99999999.000000,2012120420,3,99999999,None,False,False,12,99999999,0,,From saved model No important warnings
8,5209.061719,0012120420,3,4749.061719173635,True,False,False,8,99999999,0,0,No important warnings
8,5209.061719,0012120420,3,4749.061719173635,True,False,False,8,99999999,0,0,No important warnings
11,5209.061719,0012120420,3,4749.061719173635,True,False,False,8,99999999,0,0,No important warnings
11,5209.061719,0012120420,3,4749.061719173635,True,False,False,8,99999999,0,0,No important warnings
20,5209.061719,0012120420,3,4749.061719173635,True,False,False,8,99999999,0,0,No important warnings
20,5209.061719,0012120420,3,4749.061719173635,True,False,False,8,99999999,0,0,No important warnings
0,5675.295550,0110021301,4,5555.295539958326,True,True,True,6,39.5581940471466,0,0,NON-FIXED OMEGA NON-FIXED PARAMETER 
3,5665.295554,0110021101,4,5555.295544404323,True,True,True,6,39.45096164690481,0,0,No important warnings
1,5675.295540,0010021301,4,5555.295539958326,True,True,True,6,39.5581940471466,0,0,NON-FIXED OMEGA NON-FIXED PARAMETER 
2,5675.295540,0010021301,4,5555.295539958326,True,True,True,6,39.5581940471466,0,0,NON-FIXED OMEGA NON-FIXED PARAMETER 
5,5675.295550,0110021301,4,5555.295539958326,True,True,True,6,39.5581940471466,0,,From saved model NON-FIXED OMEGA NON-FIXED PARAMETER 
6,5675.295540,0010021301,4,5555.295539958326,True,True,True,6,39.5581940471466,0,,From saved model NON-FIXED OMEGA NON-FIXED PARAMETER 
7,5675.295550,0110021301,4,5555.295539958326,True,True,True,6,39.5581940471466,0,,From saved model NON-FIXED OMEGA NON-FIXED PARAMETER 
8,5675.295550,0110021301,4,5555.295539958326,True,True,True,6,39.5581940471466,0,,From saved model NON-FIXED OMEGA NON-FIXED PARAMETER 
10,5675.295550,0110021301,4,5555.295539958326,True,True,True,6,39.5581940471466,0,,From saved model NON-FIXED OMEGA NON-FIXED PARAMETER 
11,5675.295550,0110021301,4,5555.295539958326,True,True,True,6,39.5581940471466,0,,From saved model NON-FIXED OMEGA NON-FIXED PARAMETER 
13,5675.295540,0010021301,4,5555.295539958326,True,True,True,6,39.5581940471466,0,,From saved model NON-FIXED OMEGA NON-FIXED PARAMETER 
14,5675.295540,0010021301,4,5555.295539958326,True,True,True,6,39.5581940471466,0,,From saved model NON-FIXED OMEGA NON-FIXED PARAMETER 
15,5675.295540,0010021301,4,5555.295539958326,True,True,True,6,39.5581940471466,0,,From saved model NON-FIXED OMEGA NON-FIXED PARAMETER 
16,5675.295550,0110021301,4,5555.295539958326,True,True,True,6,39.5581940471466,0,,From saved model NON-FIXED OMEGA NON-FIXED PARAMETER 
17,5675.295550,0110021301,4,5555.295539958326,True,True,True,6,39.5581940471466,0,,From saved model NON-FIXED OMEGA NON-FIXED PARAMETER 
18,5675.295550,0110021301,4,5555.295539958326,True,True,True,6,39.5581940471466,0,,From saved model NON-FIXED OMEGA NON-FIXED PARAMETER 
19,5675.295550,0110021301,4,5555.295539958326,True,True,True,6,39.5581940471466,0,,From saved model NON-FIXED OMEGA NON-FIXED PARAMETER 
20,5675.295550,0110021301,4,5555.295539958326,True,True,True,6,39.5581940471466,0,,From saved model NON-FIXED OMEGA NON-FIXED PARAMETER 
9,99999999.000000,2010021101,4,99999999,None,False,False,10,99999999,0,0,No important warnings
22,5675.295540,0010021301,4,5555.295539958326,True,True,True,6,39.5581940471466,0,,From saved model NON-FIXED OMEGA NON-FIXED PARAMETER 
23,5675.295550,0110021301,4,5555.295539958326,True,True,True,6,39.5581940471466,0,,From saved model NON-FIXED OMEGA NON-FIXED PARAMETER 
24,5675.295550,0110021301,4,5555.295539958326,True,True,True,6,39.5581940471466,0,,From saved model NON-FIXED OMEGA NON-FIXED PARAMETER 
21,5655.298028,0010021001,4,5555.298027507961,True,True,True,6,32.08300595890958,0,0,No important warnings
4,5675.295540,0010021301,4,5555.295539958326,True,True,True,6,39.5581940471466,0,0,NON-FIXED OMEGA NON-FIXED PARAMETER 
12,5669.868612,0112021101,4,5549.868602171814,True,True,True,7,41.84803325872897,0,0,No important warnings
28,5675.295550,0110021301,4,5555.295539958326,True,True,True,6,39.5581940471466,0,,From saved model NON-FIXED OMEGA NON-FIXED PARAMETER 
29,5675.295550,0110021301,4,5555.295539958326,True,True,True,6,39.5581940471466,0,,From saved model NON-FIXED OMEGA NON-FIXED PARAMETER 
29,5675.295550,0110021301,4,5555.295539958326,True,True,True,6,39.5581940471466,0,,From saved model NON-FIXED OMEGA NON-FIXED PARAMETER 
25,5679.868613,0112021301,4,5549.8686028256325,True,True,True,7,43.34551783264753,0,0,NON-FIXED OMEGA NON-FIXED PARAMETER 
25,5679.868613,0112021301,4,5549.8686028256325,True,True,True,7,43.34551783264753,0,0,NON-FIXED OMEGA NON-FIXED PARAMETER 
26,5669.868612,0112021101,4,5549.868602171814,True,True,True,7,41.84803325872897,0,0,No important warnings
26,5669.868612,0112021101,4,5549.868602171814,True,True,True,7,41.84803325872897,0,0,No important warnings
27,5679.868613,0112021301,4,5549.8686028256325,True,True,True,7,43.34551783264753,0,0,NON-FIXED OMEGA NON-FIXED PARAMETER 
27,5679.868613,0112021301,4,5549.8686028256325,True,True,True,7,43.34551783264753,0,0,NON-FIXED OMEGA NON-FIXED PARAMETER 
0,99999999.000000,2012110100,5,99999999,None,False,False,11,99999999,0,0,No important warnings
2,99999999.000000,2012110010,5,99999999,None,False,False,11,99999999,0,0,No important warnings
3,99999999.000000,2012110100,5,99999999,None,False,False,11,99999999,0,0,No important warnings
1,99999999.000000,2012110100,5,99999999,None,False,False,11,99999999,0,0,No important warnings
5,99999999.000000,2012110010,5,99999999,None,False,False,11,99999999,0,,From saved model No important warnings
7,99999999.000000,2012110100,5,99999999,None,False,False,11,99999999,0,,From saved model No important warnings
8,99999999.000000,2012110100,5,99999999,None,False,False,11,99999999,0,,From saved model No important warnings
4,99999999.000000,2012110010,5,99999999,None,False,False,11,99999999,0,0,No important warnings
6,99999999.000000,2012110000,5,99999999,None,False,False,11,99999999,0,0,No important warnings
12,99999999.000000,2012110100,5,99999999,None,False,False,11,99999999,0,,From saved model No important warnings
13,99999999.000000,2012110000,5,99999999,None,False,False,11,99999999,0,,From saved model No important warnings
14,99999999.000000,2012110100,5,99999999,None,False,False,11,99999999,0,,From saved model No important warnings
10,99999999.000000,2002110000,5,99999999,None,False,False,11,99999999,0,0,No important warnings
9,99999999.000000,2012110000,5,99999999,None,False,False,11,99999999,0,0,No important warnings
16,99999999.000000,2012110000,5,99999999,None,False,False,11,99999999,0,,From saved model No important warnings
17,99999999.000000,2012110000,5,99999999,None,False,False,11,99999999,0,,From saved model No important warnings
18,99999999.000000,2012110100,5,99999999,None,False,False,11,99999999,0,,From saved model No important warnings
19,99999999.000000,2012110000,5,99999999,None,False,False,11,99999999,0,,From saved model No important warnings
20,99999999.000000,2012110000,5,99999999,None,False,False,11,99999999,0,,From saved model No important warnings
22,99999999.000000,2012110000,5,99999999,None,False,False,11,99999999,0,,From saved model No important warnings
11,99999999.000000,2012110000,5,99999999,None,False,False,11,99999999,0,0,No important warnings
23,99999999.000000,2012110000,5,99999999,None,False,False,11,99999999,0,,From saved model No important warnings
24,99999999.000000,2012110000,5,99999999,None,False,False,11,99999999,0,,From saved model No important warnings
25,99999999.000000,2012110000,5,99999999,None,False,False,11,99999999,0,,From saved model No important warnings
26,99999999.000000,2012110000,5,99999999,None,False,False,11,99999999,0,,From saved model No important warnings
28,99999999.000000,2002110000,5,99999999,None,False,False,11,99999999,0,,From saved model No important warnings
29,99999999.000000,2012110000,5,99999999,None,False,False,11,99999999,0,,From saved model No important warnings
29,99999999.000000,2012110000,5,99999999,None,False,False,11,99999999,0,,From saved model No important warnings
15,99999999.000000,2012111000,5,99999999,None,False,False,12,99999999,0,0,No important warnings
15,99999999.000000,2012111000,5,99999999,None,False,False,12,99999999,0,0,No important warnings
21,99999999.000000,2012111000,5,99999999,None,False,False,12,99999999,0,0,No important warnings
21,99999999.000000,2012111000,5,99999999,None,False,False,12,99999999,0,0,No important warnings
27,99999999.000000,2012111100,5,99999999,None,False,False,12,99999999,0,0,No important warnings
27,99999999.000000,2012111100,5,99999999,None,False,False,12,99999999,0,0,No important warnings
1,99999999.000000,2012021211,0,99999999,None,False,False,11,99999999,0,0,NON-FIXED OMEGA NON-FIXED PARAMETER 
3,99999999.000000,2112120310,0,99999999,None,False,False,12,99999999,0,0,NON-FIXED OMEGA NON-FIXED PARAMETER 
5,99999999.000000,2102020000,0,99999999,None,False,False,11,99999999,0,0,No important warnings
4,4945.486973,0012020210,0,4725.486972576177,True,True,False,6,117.35336056350538,0,0,NON-FIXED OMEGA NON-FIXED PARAMETER 
0,5791.536280,0002111121,0,5661.536279979003,True,True,True,9,44.39512934811849,0,0,No important warnings
6,99999999.000000,1012100321,0,99999999,None,False,False,9,99999999,0,0,No important warnings
8,99999999.000000,2000121420,0,99999999,None,False,False,12,99999999,0,0,No important warnings
2,5903.335287,1101120221,0,5453.335286750185,False,True,False,11,4.051985579082993e+16,0,0,No important warnings
10,99999999.000000,2000001211,0,99999999,None,False,False,9,99999999,0,0,NON-FIXED OMEGA NON-FIXED PARAMETER 
7,4851.621875,0002021300,0,4721.621875496958,True,True,True,7,64.66096987578207,0,0,NON-FIXED OMEGA NON-FIXED PARAMETER 
9,5678.234276,1010011211,0,5548.234276063206,True,True,True,8,77.87390038509001,0,0,NON-FIXED OMEGA NON-FIXED PARAMETER 
11,99999999.000000,2101011310,0,99999999,None,False,False,12,99999999,0,0,NON-FIXED OMEGA NON-FIXED PARAMETER 
13,99999999.000000,2001011420,0,99999999,None,False,False,12,99999999,0,0,No important warnings
14,99999999.000000,2010121210,0,99999999,None,False,False,11,99999999,0,0,NON-FIXED OMEGA NON-FIXED PARAMETER 
15,99999999.000000,2110100301,0,99999999,None,False,False,10,99999999,0,0,NON-FIXED OMEGA NON-FIXED PARAMETER 
17,99999999.000000,2012121311,0,99999999,None,False,False,12,99999999,0,0,NON-FIXED OMEGA NON-FIXED PARAMETER 
12,5459.361437,0001021420,0,5009.361436904532,True,False,False,8,99999999,0,0,No important warnings
19,99999999.000000,2100021301,0,99999999,None,False,False,11,99999999,0,0,NON-FIXED OMEGA NON-FIXED PARAMETER 
20,99999999.000000,2011101221,0,99999999,None,False,False,12,99999999,0,0,No important warnings
16,6153.572696,1111110211,0,5603.572696309942,False,False,False,10,99999999,0,0,NON-FIXED OMEGA NON-FIXED PARAMETER 
21,99999999.000000,2101011300,0,99999999,None,False,False,12,99999999,0,0,NON-FIXED OMEGA NON-FIXED PARAMETER 
18,5704.792250,1102021411,0,5444.792250437305,True,True,False,10,-2.569383154211801e+16,0,0,NON-FIXED OMEGA NON-FIXED PARAMETER 
24,99999999.000000,2110020401,0,99999999,None,False,False,10,99999999,0,0,NON-FIXED OMEGA NON-FIXED PARAMETER 
23,10719.690083,0012021220,0,10179.690083485886,None,False,False,8,99999999,0,0,No important warnings
22,99999999.000000,1002121220,0,99999999,False,False,False,11,99999999,0,0,No important warnings
25,5691.709379,1002020101,0,5571.709378748925,True,True,True,8,252.02762867143025,0,0,No important warnings
28,99999999.000000,2012011120,0,99999999,None,False,False,12,99999999,0,0,No important warnings
26,4961.253498,1000121400,0,4701.253498309329,True,True,False,9,-1.6256447776277544e+16,0,0,NON-FIXED OMEGA NON-FIXED PARAMETER 
31,99999999.000000,2100111010,0,99999999,None,False,False,12,99999999,0,0,No important warnings
30,6004.377405,1001111011,0,5574.377404845948,False,True,False,10,687809428567417.4,0,0,No important warnings
29,4971.479522,0011121300,0,4721.47952185634,True,True,True,8,52580917.989745304,0,0,NON-FIXED OMEGA NON-FIXED PARAMETER 
32,99999999.000000,2100110400,0,99999999,None,False,False,11,99999999,0,0,NON-FIXED OMEGA NON-FIXED PARAMETER 
27,99999999.000000,0000120420,0,99999999,False,False,False,7,99999999,0,0,No important warnings
35,99999999.000000,2012020410,0,99999999,None,False,False,10,99999999,0,0,NON-FIXED OMEGA NON-FIXED PARAMETER 
36,99999999.000000,2011100021,0,99999999,None,False,False,11,99999999,0,0,No important warnings
33,5070.881168,0012121120,0,4720.881168044214,True,True,False,9,33611664.11932081,0,0,No important warnings
34,5806.929642,1112101201,0,5556.92964236226,True,True,True,10,2058033.1651926918,0,0,NON-FIXED OMEGA NON-FIXED PARAMETER 
34,5806.929642,1112101201,0,5556.92964236226,True,True,True,10,2058033.1651926918,0,0,NON-FIXED OMEGA NON-FIXED PARAMETER 
39,5786.557265,0112011321,0,5546.55725491682,True,True,True,8,49599769.81546509,0,0,No important warnings
39,5786.557265,0112011321,0,5546.55725491682,True,True,True,8,49599769.81546509,0,0,No important warnings
38,99999999.000000,0012111420,0,99999999,False,False,False,9,99999999,0,0,No important warnings
38,99999999.000000,0012111420,0,99999999,False,False,False,9,99999999,0,0,No important warnings
37,6040.398283,0012101321,0,5500.398283279705,False,False,False,8,99999999,0,0,No important warnings
37,6040.398283,0012101321,0,5500.398283279705,False,False,False,8,99999999,0,0,No important warnings
2,5209.991627,1112110300,1,4739.991627231663,True,False,False,10,99999999,0,0,NON-FIXED OMEGA NON-FIXED PARAMETER 
3,5087.138133,1112010320,1,4717.138133439902,True,True,False,10,1116854769064.8564,0,0,No important warnings
0,5115.168088,1112110320,1,4735.168088292701,True,True,False,11,136890473.063671,0,0,No important warnings
6,5115.168088,1112110320,1,4735.168088292701,True,True,False,11,136890473.063671,0,,From saved model No important warnings
7,5115.168088,1112110320,1,4735.168088292701,True,True,False,11,136890473.063671,0,,From saved model No important warnings
8,5115.168088,1112110320,1,4735.168088292701,True,True,False,11,136890473.063671,0,,From saved model No important warnings
9,5115.168088,1112110320,1,4735.168088292701,True,True,False,11,136890473.063671,0,,From saved model No important warnings
10,5115.168088,1112110320,1,4735.168088292701,True,True,False,11,136890473.063671,0,,From saved model No important warnings
11,5209.991627,1112110300,1,4739.991627231663,True,False,False,10,99999999,0,,From saved model NON-FIXED OMEGA NON-FIXED PARAMETER 
12,5115.168088,1112110320,1,4735.168088292701,True,True,False,11,136890473.063671,0,,From saved model No important warnings
13,5115.168088,1112110320,1,4735.168088292701,True,True,False,11,136890473.063671,0,,From saved model No important warnings
14,5115.168088,1112110320,1,4735.168088292701,True,True,False,11,136890473.063671,0,,From saved model No important warnings
1,5115.168088,1112110320,1,4735.168088292701,True,True,False,11,136890473.063671,0,0,No important warnings
4,5115.168088,1112110320,1,4735.168088292701,True,True,False,11,136890473.063671,0,0,No important warnings
17,5115.168088,1112110320,1,4735.168088292701,True,True,False,11,136890473.063671,0,,From saved model No important warnings
18,5115.168088,1112110320,1,4735.168088292701,True,True,False,11,136890473.063671,0,,From saved model No important warnings
19,5115.168088,1112110320,1,4735.168088292701,True,True,False,11,136890473.063671,0,,From saved model No important warnings
20,5115.168088,1112110320,1,4735.168088292701,True,True,False,11,136890473.063671,0,,From saved model No important warnings
21,5115.168088,1112110320,1,4735.168088292701,True,True,False,11,136890473.063671,0,,From saved model No important warnings
22,5115.168088,1112110320,1,4735.168088292701,True,True,False,11,136890473.063671,0,,From saved model No important warnings
23,5115.168088,1112110320,1,4735.168088292701,True,True,False,11,136890473.063671,0,,From saved model No important warnings
24,5115.168088,1112110320,1,4735.168088292701,True,True,False,11,136890473.063671,0,,From saved model No important warnings
25,5115.168088,1112110320,1,4735.168088292701,True,True,False,11,136890473.063671,0,,From saved model No important warnings
5,5115.168088,1112110320,1,4735.168088292701,True,True,False,11,136890473.063671,0,0,No important warnings
27,5115.168088,1112110320,1,4735.168088292701,True,True,False,11,136890473.063671,0,,From saved model No important warnings
15,99999999.000000,1112110310,1,99999999,False,False,False,10,99999999,0,0,NON-FIXED OMEGA NON-FIXED PARAMETER 
29,5115.168088,1112110320,1,4735.168088292701,True,True,False,11,136890473.063671,0,,From saved model No important warnings
30,5115.168088,1112110320,1,4735.168088292701,True,True,False,11,136890473.063671,0,,From saved model No important warnings
31,5115.168088,1112110320,1,4735.168088292701,True,True,False,11,136890473.063671,0,,From saved model No important warnings
32,99999999.000000,1112110310,1,99999999,False,False,False,10,99999999,0,,From saved model NON-FIXED OMEGA NON-FIXED PARAMETER 
33,5115.168088,1112110320,1,4735.168088292701,True,True,False,11,136890473.063671,0,,From saved model No important warnings
34,5209.991627,1112110300,1,4739.991627231663,True,False,False,10,99999999,0,,From saved model NON-FIXED OMEGA NON-FIXED PARAMETER 
35,5115.168088,1112110320,1,4735.168088292701,True,True,False,11,136890473.063671,0,,From saved model No important warnings
36,5115.168088,1112110320,1,4735.168088292701,True,True,False,11,136890473.063671,0,,From saved model No important warnings
37,5115.168088,1112110320,1,4735.168088292701,True,True,False,11,136890473.063671,0,,From saved model No important warnings
38,5209.991627,1112110300,1,4739.991627231663,True,False,False,10,99999999,0,,From saved model NON-FIXED OMEGA NON-FIXED PARAMETER 
39,5115.168088,1112110320,1,4735.168088292701,True,True,False,11,136890473.063671,0,,From saved model No important warnings
39,5115.168088,1112110320,1,4735.168088292701,True,True,False,11,136890473.063671,0,,From saved model No important warnings
16,99999999.000000,1112110310,1,99999999,False,False,False,10,99999999,0,0,NON-FIXED OMEGA NON-FIXED PARAMETER 
16,99999999.000000,1112110310,1,99999999,False,False,False,10,99999999,0,0,NON-FIXED OMEGA NON-FIXED PARAMETER 
26,99999999.000000,1112110310,1,99999999,False,False,False,10,99999999,0,0,NON-FIXED OMEGA NON-FIXED PARAMETER 
26,99999999.000000,1112110310,1,99999999,False,False,False,10,99999999,0,0,NON-FIXED OMEGA NON-FIXED PARAMETER 
28,99999999.000000,1112110310,1,99999999,False,False,False,10,99999999,0,0,NON-FIXED OMEGA NON-FIXED PARAMETER 
28,99999999.000000,1112110310,1,99999999,False,False,False,10,99999999,0,0,NON-FIXED OMEGA NON-FIXED PARAMETER 
2,99999999.000000,2012121211,2,99999999,None,False,False,12,99999999,0,0,NON-FIXED OMEGA NON-FIXED PARAMETER 
1,99999999.000000,1002121211,2,99999999,False,False,False,10,99999999,0,0,NON-FIXED OMEGA NON-FIXED PARAMETER 
4,99999999.000000,2010121211,2,99999999,None,False,False,11,99999999,0,0,NON-FIXED OMEGA NON-FIXED PARAMETER 
5,99999999.000000,1002121211,2,99999999,False,False,False,10,99999999,0,,From saved model NON-FIXED OMEGA NON-FIXED PARAMETER 
7,99999999.000000,2002121211,2,99999999,None,False,False,12,99999999,0,0,NON-FIXED OMEGA NON-FIXED PARAMETER 
6,5733.931976,1000121211,2,5603.931975782561,True,True,True,9,76.00772779004672,0,0,NON-FIXED OMEGA NON-FIXED PARAMETER 
9,99999999.000000,1002121211,2,99999999,False,False,False,10,99999999,0,,From saved model NON-FIXED OMEGA NON-FIXED PARAMETER 
10,5733.931976,1000121211,2,5603.931975782561,True,True,True,9,76.00772779004672,0,,From saved model NON-FIXED OMEGA NON-FIXED PARAMETER 
11,99999999.000000,1002121211,2,99999999,False,False,False,10,99999999,0,,From saved model NON-FIXED OMEGA NON-FIXED PARAMETER 
0,5763.681604,1012121211,2,5513.681604121627,False,True,True,10,45.24668303829889,0,0,NON-FIXED OMEGA NON-FIXED PARAMETER 
3,5763.681604,1012121211,2,5513.681604121627,False,True,True,10,45.24668303829889,0,0,NON-FIXED OMEGA NON-FIXED PARAMETER 
13,99999999.000000,1002121211,2,99999999,False,False,False,10,99999999,0,,From saved model NON-FIXED OMEGA NON-FIXED PARAMETER 
14,99999999.000000,1002121211,2,99999999,False,False,False,10,99999999,0,,From saved model NON-FIXED OMEGA NON-FIXED PARAMETER 
12,99999999.000000,2000121211,2,99999999,None,False,False,11,99999999,0,0,NON-FIXED OMEGA NON-FIXED PARAMETER 
17,5733.931976,1000121211,2,5603.931975782561,True,True,True,9,76.00772779004672,0,,From saved model NON-FIXED OMEGA NON-FIXED PARAMETER 
15,99999999.000000,2000121211,2,99999999,None,False,False,11,99999999,0,0,NON-FIXED OMEGA NON-FIXED PARAMETER 
19,5763.681604,1012121211,2,5513.681604121627,False,True,True,10,45.24668303829889,0,,From saved model NON-FIXED OMEGA NON-FIXED PARAMETER 
20,5763.681604,1012121211,2,5513.681604121627,False,True,True,10,45.24668303829889,0,,From saved model NON-FIXED OMEGA NON-FIXED PARAMETER 
8,5763.681604,1012121211,2,5513.681604121627,False,True,True,10,45.24668303829889,0,0,NON-FIXED OMEGA NON-FIXED PARAMETER 
16,5690.470159,1010121211,2,5550.470158766088,True,True,True,9,75.84809197038429,0,0,NON-FIXED OMEGA NON-FIXED PARAMETER 
22,99999999.000000,1002121211,2,99999999,False,False,False,10,99999999,0,,From saved model NON-FIXED OMEGA NON-FIXED PARAMETER 
23,5733.931976,1000121211,2,5603.931975782561,True,True,True,9,76.00772779004672,0,,From saved model NON-FIXED OMEGA NON-FIXED PARAMETER 
24,99999999.000000,1002121211,2,99999999,False,False,False,10,99999999,0,,From saved model NON-FIXED OMEGA NON-FIXED PARAMETER 
25,99999999.000000,2002121211,2,99999999,None,False,False,12,99999999,0,,From saved model NON-FIXED OMEGA NON-FIXED PARAMETER 
26,5733.931976,1000121211,2,5603.931975782561,True,True,True,9,76.00772779004672,0,,From saved model NON-FIXED OMEGA NON-FIXED PARAMETER 
27,5763.681604,1012121211,2,5513.681604121627,False,True,True,10,45.24668303829889,0,,From saved model NON-FIXED OMEGA NON-FIXED PARAMETER 
29,5733.931976,1000121211,2,5603.931975782561,True,True,True,9,76.00772779004672,0,,From saved model NON-FIXED OMEGA NON-FIXED PARAMETER 
30,5763.681604,1012121211,2,5513.681604121627,False,True,True,10,45.24668303829889,0,,From saved model NON-FIXED OMEGA NON-FIXED PARAMETER 
31,5690.470159,1010121211,2,5550.470158766088,True,True,True,9,75.84809197038429,0,,From saved model NON-FIXED OMEGA NON-FIXED PARAMETER 
32,5690.470159,1010121211,2,5550.470158766088,True,True,True,9,75.84809197038429,0,,From saved model NON-FIXED OMEGA NON-FIXED PARAMETER 
33,5690.470159,1010121211,2,5550.470158766088,True,True,True,9,75.84809197038429,0,,From saved model NON-FIXED OMEGA NON-FIXED PARAMETER 
34,99999999.000000,1002121211,2,99999999,False,False,False,10,99999999,0,,From saved model NON-FIXED OMEGA NON-FIXED PARAMETER 
35,99999999.000000,2012121211,2,99999999,None,False,False,12,99999999,0,,From saved model NON-FIXED OMEGA NON-FIXED PARAMETER 
36,99999999.000000,1002121211,2,99999999,False,False,False,10,99999999,0,,From saved model NON-FIXED OMEGA NON-FIXED PARAMETER 
37,5763.681604,1012121211,2,5513.681604121627,False,True,True,10,45.24668303829889,0,,From saved model NON-FIXED OMEGA NON-FIXED PARAMETER 
38,5733.931976,1000121211,2,5603.931975782561,True,True,True,9,76.00772779004672,0,,From saved model NON-FIXED OMEGA NON-FIXED PARAMETER 
39,99999999.000000,1002121211,2,99999999,False,False,False,10,99999999,0,,From saved model NON-FIXED OMEGA NON-FIXED PARAMETER 
39,99999999.000000,1002121211,2,99999999,False,False,False,10,99999999,0,,From saved model NON-FIXED OMEGA NON-FIXED PARAMETER 
18,5690.470159,1010121211,2,5550.470158766088,True,True,True,9,75.84809197038429,0,0,NON-FIXED OMEGA NON-FIXED PARAMETER 
18,5690.470159,1010121211,2,5550.470158766088,True,True,True,9,75.84809197038429,0,0,NON-FIXED OMEGA NON-FIXED PARAMETER 
21,5899.736981,1002021211,2,5569.736980859151,False,True,True,9,2992.631418241064,0,0,NON-FIXED OMEGA NON-FIXED PARAMETER 
21,5899.736981,1002021211,2,5569.736980859151,False,True,True,9,2992.631418241064,0,0,NON-FIXED OMEGA NON-FIXED PARAMETER 
28,5899.736981,1002021211,2,5569.736980859151,False,True,True,9,2992.631418241064,0,0,NON-FIXED OMEGA NON-FIXED PARAMETER 
28,5899.736981,1002021211,2,5569.736980859151,False,True,True,9,2992.631418241064,0,0,NON-FIXED OMEGA NON-FIXED PARAMETER 
0,99999999.000000,2112121210,3,99999999,None,False,False,13,99999999,0,0,NON-FIXED OMEGA NON-FIXED PARAMETER 
1,99999999.000000,2112121200,3,99999999,None,False,False,13,99999999,0,0,NON-FIXED OMEGA NON-FIXED PARAMETER 
3,99999999.000000,2112121210,3,99999999,None,False,False,13,99999999,0,0,NON-FIXED OMEGA NON-FIXED PARAMETER 
4,99999999.000000,2112121210,3,99999999,None,False,False,13,99999999,0,,From saved model NON-FIXED OMEGA NON-FIXED PARAMETER 
2,99999999.000000,2112121200,3,99999999,None,False,False,13,99999999,0,0,NON-FIXED OMEGA NON-FIXED PARAMETER 
6,99999999.000000,2112121210,3,99999999,None,False,False,13,99999999,0,,From saved model NON-FIXED OMEGA NON-FIXED PARAMETER 
7,99999999.000000,2112121200,3,99999999,None,False,False,13,99999999,0,,From saved model NON-FIXED OMEGA NON-FIXED PARAMETER 
8,99999999.000000,2112121210,3,99999999,None,False,False,13,99999999,0,,From saved model NON-FIXED OMEGA NON-FIXED PARAMETER 
9,99999999.000000,2112121200,3,99999999,None,False,False,13,99999999,0,,From saved model NON-FIXED OMEGA NON-FIXED PARAMETER 
10,99999999.000000,2112121200,3,99999999,None,False,False,13,99999999,0,,From saved model NON-FIXED OMEGA NON-FIXED PARAMETER 
11,99999999.000000,2112121200,3,99999999,None,False,False,13,99999999,0,,From saved model NON-FIXED OMEGA NON-FIXED PARAMETER 
12,99999999.000000,2112121210,3,99999999,None,False,False,13,99999999,0,,From saved model NON-FIXED OMEGA NON-FIXED PARAMETER 
13,99999999.000000,2112121210,3,99999999,None,False,False,13,99999999,0,,From saved model NON-FIXED OMEGA NON-FIXED PARAMETER 
14,99999999.000000,2112121200,3,99999999,None,False,False,13,99999999,0,,From saved model NON-FIXED OMEGA NON-FIXED PARAMETER 
15,99999999.000000,2112121200,3,99999999,None,False,False,13,99999999,0,,From saved model NON-FIXED OMEGA NON-FIXED PARAMETER 
16,99999999.000000,2112121210,3,99999999,None,False,False,13,99999999,0,,From saved model NON-FIXED OMEGA NON-FIXED PARAMETER 
17,99999999.000000,2112121200,3,99999999,None,False,False,13,99999999,0,,From saved model NON-FIXED OMEGA NON-FIXED PARAMETER 
18,99999999.000000,2112121210,3,99999999,None,False,False,13,99999999,0,,From saved model NON-FIXED OMEGA NON-FIXED PARAMETER 
19,99999999.000000,2112121210,3,99999999,None,False,False,13,99999999,0,,From saved model NON-FIXED OMEGA NON-FIXED PARAMETER 
20,99999999.000000,2112121210,3,99999999,None,False,False,13,99999999,0,,From saved model NON-FIXED OMEGA NON-FIXED PARAMETER 
21,99999999.000000,2112121210,3,99999999,None,False,False,13,99999999,0,,From saved model NON-FIXED OMEGA NON-FIXED PARAMETER 
22,99999999.000000,2112121210,3,99999999,None,False,False,13,99999999,0,,From saved model NON-FIXED OMEGA NON-FIXED PARAMETER 
23,99999999.000000,2112121210,3,99999999,None,False,False,13,99999999,0,,From saved model NON-FIXED OMEGA NON-FIXED PARAMETER 
24,99999999.000000,2112121210,3,99999999,None,False,False,13,99999999,0,,From saved model NON-FIXED OMEGA NON-FIXED PARAMETER 
25,99999999.000000,2112121210,3,99999999,None,False,False,13,99999999,0,,From saved model NON-FIXED OMEGA NON-FIXED PARAMETER 
26,99999999.000000,2112121200,3,99999999,None,False,False,13,99999999,0,,From saved model NON-FIXED OMEGA NON-FIXED PARAMETER 
28,99999999.000000,2112121200,3,99999999,None,False,False,13,99999999,0,,From saved model NON-FIXED OMEGA NON-FIXED PARAMETER 
29,99999999.000000,2112121200,3,99999999,None,False,False,13,99999999,0,,From saved model NON-FIXED OMEGA NON-FIXED PARAMETER 
31,99999999.000000,2112121210,3,99999999,None,False,False,13,99999999,0,,From saved model NON-FIXED OMEGA NON-FIXED PARAMETER 
32,99999999.000000,2112121210,3,99999999,None,False,False,13,99999999,0,,From saved model NON-FIXED OMEGA NON-FIXED PARAMETER 
33,99999999.000000,2112121210,3,99999999,None,False,False,13,99999999,0,,From saved model NON-FIXED OMEGA NON-FIXED PARAMETER 
34,99999999.000000,2112121210,3,99999999,None,False,False,13,99999999,0,,From saved model NON-FIXED OMEGA NON-FIXED PARAMETER 
35,99999999.000000,2112121200,3,99999999,None,False,False,13,99999999,0,,From saved model NON-FIXED OMEGA NON-FIXED PARAMETER 
36,99999999.000000,2112121200,3,99999999,None,False,False,13,99999999,0,,From saved model NON-FIXED OMEGA NON-FIXED PARAMETER 
37,99999999.000000,2112121210,3,99999999,None,False,False,13,99999999,0,,From saved model NON-FIXED OMEGA NON-FIXED PARAMETER 
38,99999999.000000,2112121200,3,99999999,None,False,False,13,99999999,0,,From saved model NON-FIXED OMEGA NON-FIXED PARAMETER 
39,99999999.000000,2112121210,3,99999999,None,False,False,13,99999999,0,,From saved model NON-FIXED OMEGA NON-FIXED PARAMETER 
39,99999999.000000,2112121210,3,99999999,None,False,False,13,99999999,0,,From saved model NON-FIXED OMEGA NON-FIXED PARAMETER 
5,99999999.000000,2112101200,3,99999999,None,False,False,12,99999999,0,0,NON-FIXED OMEGA NON-FIXED PARAMETER 
5,99999999.000000,2112101200,3,99999999,None,False,False,12,99999999,0,0,NON-FIXED OMEGA NON-FIXED PARAMETER 
27,99999999.000000,2112101210,3,99999999,None,False,False,12,99999999,0,0,NON-FIXED OMEGA NON-FIXED PARAMETER 
27,99999999.000000,2112101210,3,99999999,None,False,False,12,99999999,0,0,NON-FIXED OMEGA NON-FIXED PARAMETER 
30,99999999.000000,2112101210,3,99999999,None,False,False,12,99999999,0,0,NON-FIXED OMEGA NON-FIXED PARAMETER 
30,99999999.000000,2112101210,3,99999999,None,False,False,12,99999999,0,0,NON-FIXED OMEGA NON-FIXED PARAMETER 
1,4961.923353,1112010120,4,4701.923352531019,True,True,True,10,283008886.56554896,0,0,No important warnings
2,4961.923353,1112010120,4,4701.923352531019,True,True,True,10,283008886.56554896,0,0,No important warnings
0,4961.923353,1112010120,4,4701.923352531019,True,True,True,10,283008886.56554896,0,0,No important warnings
3,4961.923353,1112010120,4,4701.923352531019,True,True,True,10,283008886.56554896,0,0,No important warnings
7,5242.652630,0102011120,4,5012.652619597904,True,True,True,8,1022.2230073296805,0,0,No important warnings
4,5516.346601,0112010120,4,5086.346591086073,False,True,False,7,82177393496179.77,0,0,No important warnings
5,5088.457334,1112110120,4,4718.457333576431,True,True,False,11,2268774373655077.5,0,0,No important warnings
10,5088.457334,1112110120,4,4718.457333576431,True,True,False,11,2268774373655077.5,0,,From saved model No important warnings
11,4961.923353,1112010120,4,4701.923352531019,True,True,True,10,283008886.56554896,0,,From saved model No important warnings
12,4961.923353,1112010120,4,4701.923352531019,True,True,True,10,283008886.56554896,0,,From saved model No important warnings
13,5088.457334,1112110120,4,4718.457333576431,True,True,False,11,2268774373655077.5,0,,From saved model No important warnings
14,4961.923353,1112010120,4,4701.923352531019,True,True,True,10,283008886.56554896,0,,From saved model No important warnings
6,5088.457334,1112110120,4,4718.457333576431,True,True,False,11,2268774373655077.5,0,0,No important warnings
16,4961.923353,1112010120,4,4701.923352531019,True,True,True,10,283008886.56554896,0,,From saved model No important warnings
17,4961.923353,1112010120,4,4701.923352531019,True,True,True,10,283008886.56554896,0,,From saved model No important warnings
18,4961.923353,1112010120,4,4701.923352531019,True,True,True,10,283008886.56554896,0,,From saved model No important warnings
19,5088.457334,1112110120,4,4718.457333576431,True,True,False,11,2268774373655077.5,0,,From saved model No important warnings
20,5088.457334,1112110120,4,4718.457333576431,True,True,False,11,2268774373655077.5,0,,From saved model No important warnings
21,4961.923353,1112010120,4,4701.923352531019,True,True,True,10,283008886.56554896,0,,From saved model No important warnings
22,5088.457334,1112110120,4,4718.457333576431,True,True,False,11,2268774373655077.5,0,,From saved model No important warnings
23,5088.457334,1112110120,4,4718.457333576431,True,True,False,11,2268774373655077.5,0,,From saved model No important warnings
24,5088.457334,1112110120,4,4718.457333576431,True,True,False,11,2268774373655077.5,0,,From saved model No important warnings
25,4961.923353,1112010120,4,4701.923352531019,True,True,True,10,283008886.56554896,0,,From saved model No important warnings
26,99999999.000000,1102111120,4,99999999,False,False,False,12,99999999,0,0,No important warnings
8,5088.457334,1112110120,4,4718.457333576431,True,True,False,11,2268774373655077.5,0,0,No important warnings
27,4961.923353,1112010120,4,4701.923352531019,True,True,True,10,283008886.56554896,0,,From saved model No important warnings
9,5088.457334,1112110120,4,4718.457333576431,True,True,False,11,2268774373655077.5,0,0,No important warnings
15,4976.324133,1112000120,4,4726.324133271713,True,True,False,9,771.1227812783344,0,0,No important warnings
31,4961.923353,1112010120,4,4701.923352531019,True,True,True,10,283008886.56554896,0,,From saved model No important warnings
32,5088.457334,1112110120,4,4718.457333576431,True,True,False,11,2268774373655077.5,0,,From saved model No important warnings
28,5070.085659,0112011120,4,4730.0856485823615,True,True,False,8,11046.686533026152,0,0,No important warnings
34,4961.923353,1112010120,4,4701.923352531019,True,True,True,10,283008886.56554896,0,,From saved model No important warnings
35,4961.923353,1112010120,4,4701.923352531019,True,True,True,10,283008886.56554896,0,,From saved model No important warnings
36,4961.923353,1112010120,4,4701.923352531019,True,True,True,10,283008886.56554896,0,,From saved model No important warnings
37,5088.457334,1112110120,4,4718.457333576431,True,True,False,11,2268774373655077.5,0,,From saved model No important warnings
38,5088.457334,1112110120,4,4718.457333576431,True,True,False,11,2268774373655077.5,0,,From saved model No important warnings
39,4961.923353,1112010120,4,4701.923352531019,True,True,True,10,283008886.56554896,0,,From saved model No important warnings
39,4961.923353,1112010120,4,4701.923352531019,True,True,True,10,283008886.56554896,0,,From saved model No important warnings
29,5055.573224,0102110120,4,4725.573213928631,True,True,False,8,162801.04212344508,0,0,No important warnings
29,5055.573224,0102110120,4,4725.573213928631,True,True,False,8,162801.04212344508,0,0,No important warnings
33,5070.085659,0112011120,4,4730.0856485823615,True,True,False,8,11046.686533026152,0,0,No important warnings
33,5070.085659,0112011120,4,4730.0856485823615,True,True,False,8,11046.686533026152,0,0,No important warnings
30,5534.395987,0112110120,4,4994.3959773014285,False,False,False,8,99999999,0,0,No important warnings
30,5534.395987,0112110120,4,4994.3959773014285,False,False,False,8,99999999,0,0,No important warnings
0,99999999.000000,2101021001,5,99999999,None,False,False,12,99999999,0,0,No important warnings
1,99999999.000000,2101021001,5,99999999,None,False,False,12,99999999,0,0,No important warnings
2,99999999.000000,2101021001,5,99999999,None,False,False,12,99999999,0,0,No important warnings
5,99999999.000000,2101021001,5,99999999,None,False,False,12,99999999,0,,From saved model No important warnings
7,99999999.000000,2101021001,5,99999999,None,False,False,12,99999999,0,,From saved model No important warnings
8,99999999.000000,2101021001,5,99999999,None,False,False,12,99999999,0,,From saved model No important warnings
3,99999999.000000,2101021201,5,99999999,None,False,False,12,99999999,0,0,NON-FIXED OMEGA NON-FIXED PARAMETER 
9,99999999.000000,2101021001,5,99999999,None,False,False,12,99999999,0,,From saved model No important warnings
10,99999999.000000,2101021001,5,99999999,None,False,False,12,99999999,0,,From saved model No important warnings
11,99999999.000000,2101021001,5,99999999,None,False,False,12,99999999,0,,From saved model No important warnings
12,99999999.000000,2101021001,5,99999999,None,False,False,12,99999999,0,,From saved model No important warnings
13,99999999.000000,2101021001,5,99999999,None,False,False,12,99999999,0,,From saved model No important warnings
14,99999999.000000,2101021001,5,99999999,None,False,False,12,99999999,0,,From saved model No important warnings
15,99999999.000000,2101021001,5,99999999,None,False,False,12,99999999,0,,From saved model No important warnings
16,99999999.000000,2101021201,5,99999999,None,False,False,12,99999999,0,,From saved model NON-FIXED OMEGA NON-FIXED PARAMETER 
17,99999999.000000,2101021001,5,99999999,None,False,False,12,99999999,0,,From saved model No important warnings
18,99999999.000000,2101021001,5,99999999,None,False,False,12,99999999,0,,From saved model No important warnings
19,99999999.000000,2101021001,5,99999999,None,False,False,12,99999999,0,,From saved model No important warnings
20,99999999.000000,2101021001,5,99999999,None,False,False,12,99999999,0,,From saved model No important warnings
21,99999999.000000,2101021001,5,99999999,None,False,False,12,99999999,0,,From saved model No important warnings
23,99999999.000000,2101021001,5,99999999,None,False,False,12,99999999,0,,From saved model No important warnings
4,99999999.000000,2101021201,5,99999999,None,False,False,12,99999999,0,0,NON-FIXED OMEGA NON-FIXED PARAMETER 
25,99999999.000000,2101021001,5,99999999,None,False,False,12,99999999,0,,From saved model No important warnings
26,99999999.000000,2101021201,5,99999999,None,False,False,12,99999999,0,,From saved model NON-FIXED OMEGA NON-FIXED PARAMETER 
27,99999999.000000,2101021001,5,99999999,None,False,False,12,99999999,0,,From saved model No important warnings
28,99999999.000000,2101021001,5,99999999,None,False,False,12,99999999,0,,From saved model No important warnings
6,99999999.000000,2101121001,5,99999999,None,False,False,13,99999999,0,0,No important warnings
24,99999999.000000,2101121001,5,99999999,None,False,False,13,99999999,0,0,No important warnings
22,99999999.000000,2101020001,5,99999999,None,False,False,11,99999999,0,0,No important warnings
31,99999999.000000,2101021201,5,99999999,None,False,False,12,99999999,0,,From saved model NON-FIXED OMEGA NON-FIXED PARAMETER 
32,99999999.000000,2101021201,5,99999999,None,False,False,12,99999999,0,,From saved model NON-FIXED OMEGA NON-FIXED PARAMETER 
33,99999999.000000,2101021201,5,99999999,None,False,False,12,99999999,0,,From saved model NON-FIXED OMEGA NON-FIXED PARAMETER 
34,99999999.000000,2101021001,5,99999999,None,False,False,12,99999999,0,,From saved model No important warnings
35,99999999.000000,2101021001,5,99999999,None,False,False,12,99999999,0,,From saved model No important warnings
36,99999999.000000,2101021001,5,99999999,None,False,False,12,99999999,0,,From saved model No important warnings
37,99999999.000000,2101021001,5,99999999,None,False,False,12,99999999,0,,From saved model No important warnings
38,99999999.000000,2101021001,5,99999999,None,False,False,12,99999999,0,,From saved model No important warnings
39,99999999.000000,2101021001,5,99999999,None,False,False,12,99999999,0,,From saved model No important warnings
39,99999999.000000,2101021001,5,99999999,None,False,False,12,99999999,0,,From saved model No important warnings
38,99999999.000000,2101021001,5,99999999,None,False,False,12,99999999,0,,From saved model No important warnings
38,99999999.000000,2101021001,5,99999999,None,False,False,12,99999999,0,,From saved model No important warnings
29,99999999.000000,2101121001,5,99999999,None,False,False,13,99999999,0,0,No important warnings
29,99999999.000000,2101121001,5,99999999,None,False,False,13,99999999,0,0,No important warnings
30,99999999.000000,2101020201,5,99999999,None,False,False,11,99999999,0,0,NON-FIXED OMEGA NON-FIXED PARAMETER 
30,99999999.000000,2101020201,5,99999999,None,False,False,11,99999999,0,0,NON-FIXED OMEGA NON-FIXED PARAMETER 
