iteration,model number,run directory,ref run,status,fitness,model,ofv,success,covariance,correlation,ntheta,nomega,nsigm,total number of parameters, condition num,r penalty,python penalty,translation messages,runtime errors
01,1,C:\Users\xli267\pydarwin\MOGA_test1\temp\01\1,,Done,9893.481704,21111111010101010110,9803.481704149386,True,True,True,5,3,1, 9,7.225657723865975,0,0,,
01,2,C:\Users\xli267\pydarwin\MOGA_test1\temp\01\2,,Done,8482.840026,10001110110001001000,8302.840015671498,True,True,True,11,6,1, 18,7.8832305226323225,0,0,,
01,3,C:\Users\xli267\pydarwin\MOGA_test1\temp\01\3,,Done,9883.146142,21101111011110100110,9803.146132441096,True,True,True,4,3,1, 8,1.897198814930063,0,0,,
01,4,C:\Users\xli267\pydarwin\MOGA_test1\temp\01\4,,Done,9846.534893,20000001101101000001,9736.534803166956,True,True,True,5,4,2, 11,7.987269034472605,0,0,,
01,5,C:\Users\xli267\pydarwin\MOGA_test1\temp\01\5,,Done,9889.392999,21000101011001010010,9799.392948620749,True,True,True,5,3,1, 9,7.369619980396301,0,0,,
01,6,C:\Users\xli267\pydarwin\MOGA_test1\temp\01\6,,Done,8465.604788,10001100100001111100,8315.604758118148,True,True,True,9,5,1, 15,6.636280754206161,0,0,,
01,7,C:\Users\xli267\pydarwin\MOGA_test1\temp\01\7,,Done,8342.704186,01100010101000111111,8152.704186070774,True,True,True,13,4,2, 19,7.71544408706891,0,0,,
01,8,C:\Users\xli267\pydarwin\MOGA_test1\temp\01\8,,Done,8342.172442,01100110100011001111,8152.1724420574255,True,True,True,13,4,2, 19,7.386094657309895,0,0,,
01,9,C:\Users\xli267\pydarwin\MOGA_test1\temp\01\9,,Done,8608.151351,01001000111010110100,8118.151351393549,False,True,False,12,6,1, 19,82019045184226.62,0,0,,
01,10,C:\Users\xli267\pydarwin\MOGA_test1\temp\01\10,,Done,8439.160461,11000011000000110000,8279.160431440954,True,True,True,9,6,1, 16,6.238870800275528,0,0,,
01,11,C:\Users\xli267\pydarwin\MOGA_test1\temp\01\11,,Done,9850.837571,21110100111101000001,9730.837531130128,True,True,True,6,4,2, 12,7.803526745537205,0,0,,
01,12,C:\Users\xli267\pydarwin\MOGA_test1\temp\01\12,,Done,8310.318619,01101010100100110010,8120.318618970206,True,True,True,13,5,1, 19,6.7468503047117645,0,0,,
01,13,C:\Users\xli267\pydarwin\MOGA_test1\temp\01\13,,Done,9894.248129,20000100000010111110,9804.248069056426,True,True,True,6,2,1, 9,6.577232954402112,0,0,,
01,14,C:\Users\xli267\pydarwin\MOGA_test1\temp\01\14,,Done,9868.886729,20111000011000000001,9728.886688899862,True,True,True,8,4,2, 14,8.684049234536069,0,0,,
01,15,C:\Users\xli267\pydarwin\MOGA_test1\temp\01\15,,Done,9841.149797,21101000011110100111,9741.14976748603,True,True,True,5,3,2, 10,3.0523128843732934,0,0,,
01,16,C:\Users\xli267\pydarwin\MOGA_test1\temp\01\16,,Done,9859.193553,21101011011000101001,9749.193523363032,True,True,True,6,3,2, 11,8.063482167155978,0,0,,
01,17,C:\Users\xli267\pydarwin\MOGA_test1\temp\01\17,,Done,9894.767156,20000001000010011010,9804.76707597453,True,True,True,6,2,1, 9,4.688753277345985,0,0,,
01,18,C:\Users\xli267\pydarwin\MOGA_test1\temp\01\18,,Done,9886.039411,20110000000111101100,9796.039360764424,True,True,True,5,3,1, 9,3.2610782151854636,0,0,,
01,19,C:\Users\xli267\pydarwin\MOGA_test1\temp\01\19,,Done,8530.933646,11001110110101100100,8380.933635803432,True,True,True,9,5,1, 15,7.403135735875844,0,0,,
01,20,C:\Users\xli267\pydarwin\MOGA_test1\temp\01\20,,Done,8318.323393,00101011111000010100,8128.323392864384,True,True,True,12,6,1, 19,8.51860956251945,0,0,,
01,21,C:\Users\xli267\pydarwin\MOGA_test1\temp\01\21,,Done,9879.127049,21111101011110101010,9809.1270293966,True,True,True,4,2,1, 7,1.7340698593997588,0,0,,
01,22,C:\Users\xli267\pydarwin\MOGA_test1\temp\01\22,,Done,9903.454032,21000011100000011110,9803.453971875755,True,True,True,7,2,1, 10,8.169611803853723,0,0,,
01,23,C:\Users\xli267\pydarwin\MOGA_test1\temp\01\23,,Done,9907.186181,20101010110010010100,9787.186141193602,True,True,True,7,4,1, 12,7.003559124779968,0,0,,
01,24,C:\Users\xli267\pydarwin\MOGA_test1\temp\01\24,,Done,8701.110231,10110100111000011111,8551.11021059892,True,True,True,10,3,2, 15,8.142928480096085,0,0,,
01,25,C:\Users\xli267\pydarwin\MOGA_test1\temp\01\25,,Done,8452.508872,10101011101010000000,8272.508862393164,True,True,True,10,7,1, 18,5.122746229511495,0,0,,
01,26,C:\Users\xli267\pydarwin\MOGA_test1\temp\01\26,,Done,9852.323220,21110100000111101111,9762.323190142002,True,True,True,5,2,2, 9,3.2009530957222143,0,0,,
01,27,C:\Users\xli267\pydarwin\MOGA_test1\temp\01\27,,Done,8713.427132,10110011100011001001,8543.427111852008,True,True,True,10,5,2, 17,5.643520143146983,0,0,,
01,28,C:\Users\xli267\pydarwin\MOGA_test1\temp\01\28,,Done,8701.187385,01100000100101010101,8081.187385026175,False,False,False,14,6,2, 22,99999999,0,0,,
01,29,C:\Users\xli267\pydarwin\MOGA_test1\temp\01\29,,Done,9837.666068,21001111111001110001,9737.666028022288,True,True,True,4,4,2, 10,5.644967911017382,0,0,,
01,30,C:\Users\xli267\pydarwin\MOGA_test1\temp\01\30,,Done,8742.350913,10011011111010010000,8582.350903475322,True,True,True,9,6,1, 16,9.986881441803268,0,0,,
01,31,C:\Users\xli267\pydarwin\MOGA_test1\temp\01\31,,Done,9848.568896,20101011110101111011,9768.56884617358,True,True,True,4,2,2, 8,5.359169996120302,0,0,,
01,32,C:\Users\xli267\pydarwin\MOGA_test1\temp\01\32,,Done,9890.449913,21010101001010010100,9790.449872775182,True,True,True,5,4,1, 10,4.950386547140842,0,0,,
01,33,C:\Users\xli267\pydarwin\MOGA_test1\temp\01\33,,Done,9907.225857,20011000000100010100,9787.225807414938,True,True,True,7,4,1, 12,8.182683768226552,0,0,,
01,34,C:\Users\xli267\pydarwin\MOGA_test1\temp\01\34,,Done,9880.027568,21100111011101101110,9810.0275477544,True,True,True,4,2,1, 7,4.599145210712513,0,0,,
01,35,C:\Users\xli267\pydarwin\MOGA_test1\temp\01\35,,Done,8463.722521,10101100001010001010,8313.722501033057,True,True,True,9,5,1, 15,5.871511454086655,0,0,,
01,36,C:\Users\xli267\pydarwin\MOGA_test1\temp\01\36,,Done,99999999.000000,00010110100110110010,99999999,False,False,False,11,7,1, 19,99999999,0,0,,K21 OR K31 IS TOO CLOSE TO AN EIGENVALUE 
01,37,C:\Users\xli267\pydarwin\MOGA_test1\temp\01\37,,Done,9878.491908,21010111100000001011,9758.49185783145,True,True,True,8,2,2, 12,49.52618140803593,0,0,,
01,38,C:\Users\xli267\pydarwin\MOGA_test1\temp\01\38,,Done,9877.695825,21101001001011101010,9807.695774529768,True,True,True,4,2,1, 7,4.5483111899679844,0,0,,
01,39,C:\Users\xli267\pydarwin\MOGA_test1\temp\01\39,,Done,9879.127079,20100101001110101110,9809.1270293966,True,True,True,4,2,1, 7,1.7340698593997588,0,0,,
01,40,C:\Users\xli267\pydarwin\MOGA_test1\temp\01\40,,Done,8458.183992,01011111000011001111,8298.18399164267,True,True,True,11,3,2, 16,5.165591650155692,0,0,,
02,41,C:\Users\xli267\pydarwin\MOGA_test1\temp\02\41,,Done,9873.318695,20000000011000001001,9743.318624929767,True,True,True,8,3,2, 13,12.846258077479696,0,0,,
02,42,C:\Users\xli267\pydarwin\MOGA_test1\temp\02\42,,Done,9885.254280,21101010101011101010,9805.254230032371,True,True,True,5,2,1, 8,6.322143660465383,0,0,,
02,43,C:\Users\xli267\pydarwin\MOGA_test1\temp\02\43,,Done,8329.456836,00101011100100110100,8139.456836397589,True,True,True,12,6,1, 19,6.421611233954538,0,0,,
02,44,C:\Users\xli267\pydarwin\MOGA_test1\temp\02\44,,Done,8456.010360,11001110001010001010,8316.010340097511,True,True,True,9,4,1, 14,6.631394451232281,0,0,,
02,45,C:\Users\xli267\pydarwin\MOGA_test1\temp\02\45,,Done,9846.553179,21101011010101010101,9736.553159142819,True,True,True,5,4,2, 11,7.981403323877109,0,0,,
02,46,C:\Users\xli267\pydarwin\MOGA_test1\temp\02\46,,Done,9880.027568,21101101011101101110,9810.0275477544,True,True,True,4,2,1, 7,4.599145210712513,0,0,,
02,47,C:\Users\xli267\pydarwin\MOGA_test1\temp\02\47,,Done,8761.916917,10011011111000000000,8581.916907291328,True,True,True,11,6,1, 18,9.204732226512961,0,0,,
02,48,C:\Users\xli267\pydarwin\MOGA_test1\temp\02\48,,Done,9903.634829,20100001000010001010,9803.634758655837,True,True,True,7,2,1, 10,4.757378838518962,0,0,,
02,49,C:\Users\xli267\pydarwin\MOGA_test1\temp\02\49,,Done,99999999.000000,01100010000011001111,99999999,False,False,False,13,4,2, 19,99999999,0,0,,K21 OR K31 IS TOO CLOSE TO AN EIGENVALUE 
02,50,C:\Users\xli267\pydarwin\MOGA_test1\temp\02\50,,Done,9852.216806,20001110001110101011,9762.216756165486,True,True,True,5,2,2, 9,2.691973948984321,0,0,,
02,51,C:\Users\xli267\pydarwin\MOGA_test1\temp\02\51,,Done,8528.735954,00011000000100010101,8108.735954430112,True,True,False,14,6,2, 22,10824199.522751369,0,0,,
02,52,C:\Users\xli267\pydarwin\MOGA_test1\temp\02\52,,Done,9841.625664,21110100000111100111,9741.625634328864,True,True,True,5,3,2, 10,2.9251170643393496,0,0,,
02,53,C:\Users\xli267\pydarwin\MOGA_test1\temp\02\53,,Done,8752.032747,11011101001010101010,8642.032717229049,True,True,True,7,3,1, 11,4.256597860202403,0,0,,
02,54,C:\Users\xli267\pydarwin\MOGA_test1\temp\02\54,,Done,8293.459508,01101011010100110010,8133.459507897645,True,True,True,10,5,1, 16,6.530030162637215,0,0,,
02,55,C:\Users\xli267\pydarwin\MOGA_test1\temp\02\55,,Done,9838.653849,20101011111101111011,9768.653798960593,True,True,True,3,2,2, 7,5.347630628736928,0,0,,
02,56,C:\Users\xli267\pydarwin\MOGA_test1\temp\02\56,,Done,8482.669276,10001011111000011100,8322.669265873266,True,True,True,10,5,1, 16,7.8958419637840835,0,0,,
02,57,C:\Users\xli267\pydarwin\MOGA_test1\temp\02\57,,Done,9014.066011,00111011111010010000,8534.06601076211,False,True,False,11,6,1, 18,2348485.6228135647,0,0,,
02,58,C:\Users\xli267\pydarwin\MOGA_test1\temp\02\58,,Done,8751.529124,10111011100010000010,8581.529114026267,True,True,True,11,5,1, 17,4.7043918083555845,0,0,,
02,59,C:\Users\xli267\pydarwin\MOGA_test1\temp\02\59,,Done,9848.568906,20100011110101111011,9768.56884617358,True,True,True,4,2,2, 8,5.359169996120302,0,0,,
02,60,C:\Users\xli267\pydarwin\MOGA_test1\temp\02\60,,Done,9894.248099,20111100000010111110,9804.248069056426,True,True,True,6,2,1, 9,6.577232954402112,0,0,,
02,61,C:\Users\xli267\pydarwin\MOGA_test1\temp\02\61,,Done,8454.907322,10001101000001111100,8324.90729192364,True,True,True,7,5,1, 13,4.745158458881619,0,0,,
02,62,C:\Users\xli267\pydarwin\MOGA_test1\temp\02\62,,Done,8298.285546,01101010111010010000,8108.28554606974,True,True,True,12,6,1, 19,8.7746389553209,0,0,,
02,63,C:\Users\xli267\pydarwin\MOGA_test1\temp\02\63,,Done,8423.371221,10101100000101100100,8273.371200841491,True,True,True,8,6,1, 15,5.951516276257494,0,0,,
02,64,C:\Users\xli267\pydarwin\MOGA_test1\temp\02\64,,Done,8330.401626,01100100101000101001,8110.401625526579,True,True,True,14,6,2, 22,9.065446815926885,0,0,,
02,65,C:\Users\xli267\pydarwin\MOGA_test1\temp\02\65,,Done,9879.127059,21010111011110101010,9809.1270293966,True,True,True,4,2,1, 7,1.7340698593997588,0,0,,
02,66,C:\Users\xli267\pydarwin\MOGA_test1\temp\02\66,,Done,9859.012960,21100110101011001111,9759.012919866936,True,True,True,6,2,2, 10,6.4363395040497835,0,0,,
02,67,C:\Users\xli267\pydarwin\MOGA_test1\temp\02\67,,Done,9879.127089,20000101001110101110,9809.1270293966,True,True,True,4,2,1, 7,1.7340698593997588,0,0,,
02,68,C:\Users\xli267\pydarwin\MOGA_test1\temp\02\68,,Done,9879.127039,21111111011110101010,9809.1270293966,True,True,True,4,2,1, 7,1.7340698593997588,0,0,,
02,69,C:\Users\xli267\pydarwin\MOGA_test1\temp\02\69,,Done,8482.869411,10000101110001001000,8312.869380690954,True,True,True,10,6,1, 17,6.862382545714193,0,0,,
02,70,C:\Users\xli267\pydarwin\MOGA_test1\temp\02\70,,Done,9892.999068,21100000100101110000,9792.998998138182,True,True,True,5,4,1, 10,4.565139061529793,0,0,,
02,71,C:\Users\xli267\pydarwin\MOGA_test1\temp\02\71,,Done,9849.801058,21101011111001101001,9749.801018209453,True,True,True,5,3,2, 10,7.442402170629774,0,0,,
02,72,C:\Users\xli267\pydarwin\MOGA_test1\temp\02\72,,Done,9898.233755,21111110100101010110,9798.233734570273,True,True,True,6,3,1, 10,7.3877238995316805,0,0,,
02,73,C:\Users\xli267\pydarwin\MOGA_test1\temp\02\73,,Done,99999999.000000,01110100110101010001,99999999,False,False,False,12,6,2, 20,99999999,0,0,,K21 OR K31 IS TOO CLOSE TO AN EIGENVALUE 
02,74,C:\Users\xli267\pydarwin\MOGA_test1\temp\02\74,,Done,9880.027588,21000111111101101110,9810.0275477544,True,True,True,4,2,1, 7,4.599145210712513,0,0,,
02,75,C:\Users\xli267\pydarwin\MOGA_test1\temp\02\75,,Done,9894.248119,20000100010010111110,9804.248069056426,True,True,True,6,2,1, 9,6.577232954402112,0,0,,
02,76,C:\Users\xli267\pydarwin\MOGA_test1\temp\02\76,,Done,8340.748540,01101111110001001001,8150.748539657574,True,True,True,12,5,2, 19,7.406645352090606,0,0,,
02,77,C:\Users\xli267\pydarwin\MOGA_test1\temp\02\77,,Done,9889.990140,21101111010101101010,9809.990119797152,True,True,True,5,2,1, 8,4.597914019097526,0,0,,
02,78,C:\Users\xli267\pydarwin\MOGA_test1\temp\02\78,,Done,9869.011639,21010110101010001011,9759.01158919166,True,True,True,7,2,2, 11,6.401831293930743,0,0,,
02,79,C:\Users\xli267\pydarwin\MOGA_test1\temp\02\79,,Done,8480.178721,10001010001000111110,8340.178701284154,True,True,True,9,4,1, 14,6.26546105304915,0,0,,
02,80,C:\Users\xli267\pydarwin\MOGA_test1\temp\02\80,,Done,9832.775361,21100001001011100111,9742.7753114025,True,True,True,4,3,2, 9,4.609092530913868,0,0,,
03,81,C:\Users\xli267\pydarwin\MOGA_test1\temp\03\81,,Done,9879.127059,21111001011110101010,9809.1270293966,True,True,True,4,2,1, 7,1.7340698593997588,0,0,,
03,82,C:\Users\xli267\pydarwin\MOGA_test1\temp\03\82,,Done,8296.743572,01101011111010010000,8116.743572154818,True,True,True,11,6,1, 18,8.396216121558414,0,0,,
03,83,C:\Users\xli267\pydarwin\MOGA_test1\temp\03\83,,Done,8491.222258,10001010100100111110,8341.222237735888,True,True,True,10,4,1, 15,6.128356241206079,0,0,,
03,84,C:\Users\xli267\pydarwin\MOGA_test1\temp\03\84,,Done,9899.316145,20100011011000010100,9789.316105156928,True,True,True,6,4,1, 11,8.337378199649454,0,0,,
03,85,C:\Users\xli267\pydarwin\MOGA_test1\temp\03\85,,Done,9846.707028,21110100111101000111,9736.706997961583,True,True,True,6,3,2, 11,7.753365209129625,0,0,,
03,86,C:\Users\xli267\pydarwin\MOGA_test1\temp\03\86,,Done,8562.500727,11100010100100111100,8412.500707366982,True,True,True,10,4,1, 15,6.8003769582365345,0,0,,
03,87,C:\Users\xli267\pydarwin\MOGA_test1\temp\03\87,,Done,9837.223966,21111101011110100111,9747.223956102636,True,True,True,4,3,2, 9,2.963986888560651,0,0,,
03,88,C:\Users\xli267\pydarwin\MOGA_test1\temp\03\88,,Done,9827.909882,21100111011110110111,9747.9098622537,True,True,True,3,3,2, 8,3.0647564918014836,0,0,,
03,89,C:\Users\xli267\pydarwin\MOGA_test1\temp\03\89,,Done,8439.125678,01011011011101001111,8289.125678498373,True,True,True,10,3,2, 15,7.301024147276255,0,0,,
03,90,C:\Users\xli267\pydarwin\MOGA_test1\temp\03\90,,Done,9880.027578,21110011001101101110,9810.0275477544,True,True,True,4,2,1, 7,4.599145210712513,0,0,,
03,91,C:\Users\xli267\pydarwin\MOGA_test1\temp\03\91,,Done,9889.330135,21011111100001111100,9799.330104710702,True,True,True,5,3,1, 9,5.605616163260826,0,0,,
03,92,C:\Users\xli267\pydarwin\MOGA_test1\temp\03\92,,Done,8328.934054,01101001101010110100,8148.934053809659,True,True,True,12,5,1, 18,6.435654983778556,0,0,,
03,93,C:\Users\xli267\pydarwin\MOGA_test1\temp\03\93,,Done,99999999.000000,01110000100101101101,99999999,False,False,False,14,4,2, 20,99999999,0,0,,K21 OR K31 IS TOO CLOSE TO AN EIGENVALUE 
03,94,C:\Users\xli267\pydarwin\MOGA_test1\temp\03\94,,Done,9859.483155,21111100111001000001,9729.483124788894,True,True,True,7,4,2, 13,8.282047633567633,0,0,,
03,95,C:\Users\xli267\pydarwin\MOGA_test1\temp\03\95,,Done,8502.188019,01001011010101010100,8132.188019372358,False,True,True,10,6,1, 17,3034484.81187007,0,0,,
03,96,C:\Users\xli267\pydarwin\MOGA_test1\temp\03\96,,Done,8422.572283,11101001001010010010,8282.572262586893,True,True,True,8,5,1, 14,4.278511385607778,0,0,,
03,97,C:\Users\xli267\pydarwin\MOGA_test1\temp\03\97,,Done,8296.144538,01101110001010000010,8116.144538408207,True,True,True,12,5,1, 18,6.2790309684015355,0,0,,
03,98,C:\Users\xli267\pydarwin\MOGA_test1\temp\03\98,,Done,9834.935988,20101011011101111001,9754.93594825853,True,True,True,3,3,2, 8,7.797555093563268,0,0,,
03,99,C:\Users\xli267\pydarwin\MOGA_test1\temp\03\99,,Done,8319.081422,00011010000100010101,8109.0814223492835,True,True,True,13,6,2, 21,9.45942888988064,0,0,,
03,100,C:\Users\xli267\pydarwin\MOGA_test1\temp\03\100,,Done,9871.513253,21101001001111101010,9811.513202809057,True,True,True,3,2,1, 6,1.7353721669854882,0,0,,
03,101,C:\Users\xli267\pydarwin\MOGA_test1\temp\03\101,,Done,8759.261370,11011101001010001010,8639.261339660228,True,True,True,8,3,1, 12,4.5354707749057495,0,0,,
03,102,C:\Users\xli267\pydarwin\MOGA_test1\temp\03\102,,Done,8584.982576,01100000001001110101,8084.982576439336,True,False,False,12,6,2, 20,99999999,0,0,,
03,103,C:\Users\xli267\pydarwin\MOGA_test1\temp\03\103,,Done,9832.775351,21101001001011100111,9742.7753114025,True,True,True,4,3,2, 9,4.609092530913868,0,0,,
03,104,C:\Users\xli267\pydarwin\MOGA_test1\temp\03\104,,Done,9875.797372,21101101001111100000,9795.797332335258,True,True,True,3,4,1, 8,3.3649139601405644,0,0,,
03,105,C:\Users\xli267\pydarwin\MOGA_test1\temp\03\105,,Done,8466.582107,00001100100001110011,8046.582106664556,True,True,False,13,7,2, 22,2155.77411129328,0,0,,
03,106,C:\Users\xli267\pydarwin\MOGA_test1\temp\03\106,,Done,9879.127069,21100011011110101010,9809.1270293966,True,True,True,4,2,1, 7,1.7340698593997588,0,0,,
03,107,C:\Users\xli267\pydarwin\MOGA_test1\temp\03\107,,Done,99999999.000000,01001000111001101100,99999999,False,False,False,13,5,1, 19,99999999,0,0,,K21 OR K31 IS TOO CLOSE TO AN EIGENVALUE 
03,108,C:\Users\xli267\pydarwin\MOGA_test1\temp\03\108,,Done,8286.552011,01101111000010110010,8126.552010902404,True,True,True,10,5,1, 16,4.718116644656857,0,0,,
03,109,C:\Users\xli267\pydarwin\MOGA_test1\temp\03\109,,Done,8470.386663,10001111001000111110,8350.386642889387,True,True,True,7,4,1, 12,6.480231342612495,0,0,,
03,110,C:\Users\xli267\pydarwin\MOGA_test1\temp\03\110,,Done,99999999.000000,00001100000011001111,99999999,False,False,False,13,5,2, 20,99999999,0,0,,K21 OR K31 IS TOO CLOSE TO AN EIGENVALUE 
03,111,C:\Users\xli267\pydarwin\MOGA_test1\temp\03\111,,Done,8291.979058,00101110011100010100,8121.9790578209295,True,True,True,10,6,1, 17,8.317277366440244,0,0,,
03,112,C:\Users\xli267\pydarwin\MOGA_test1\temp\03\112,,Done,9882.615983,21111111011110010110,9802.615983453596,True,True,True,4,3,1, 8,2.3451432626451196,0,0,,
03,113,C:\Users\xli267\pydarwin\MOGA_test1\temp\03\113,,Done,8321.446029,01100100101010101001,8111.446029274188,True,True,True,13,6,2, 21,8.024310180175025,0,0,,
03,114,C:\Users\xli267\pydarwin\MOGA_test1\temp\03\114,,Done,9903.217248,21101010100001101010,9803.217198000979,True,True,True,7,2,1, 10,6.729485839487871,0,0,,
03,115,C:\Users\xli267\pydarwin\MOGA_test1\temp\03\115,,Done,9847.667206,21111101011110101011,9767.667186052715,True,True,True,4,2,2, 8,3.336534431230609,0,0,,
03,116,C:\Users\xli267\pydarwin\MOGA_test1\temp\03\116,,Done,8464.658412,11001011010100111010,8334.658402446894,True,True,True,8,4,1, 13,6.148502316143848,0,0,,
03,117,C:\Users\xli267\pydarwin\MOGA_test1\temp\03\117,,Done,9897.686502,21111111001010000010,9797.686481971192,True,True,True,6,3,1, 10,4.692071731004269,0,0,,
03,118,C:\Users\xli267\pydarwin\MOGA_test1\temp\03\118,,Done,8432.193881,10100100000001100100,8272.193850589178,True,True,True,9,6,1, 16,7.613771503637842,0,0,,
03,119,C:\Users\xli267\pydarwin\MOGA_test1\temp\03\119,,Done,99999999.000000,00101001111110111010,99999999,False,False,False,10,5,1, 16,99999999,0,0,,K21 OR K31 IS TOO CLOSE TO AN EIGENVALUE 
03,120,C:\Users\xli267\pydarwin\MOGA_test1\temp\03\120,,Done,9846.561926,21101000010101010111,9736.561896179277,True,True,True,6,3,2, 11,7.6177821357296756,0,0,,
04,121,C:\Users\xli267\pydarwin\MOGA_test1\temp\04\121,,Done,8400.575654,10000100000001010101,8230.575614215957,True,True,True,9,6,2, 17,9.667690459329899,0,0,,
04,122,C:\Users\xli267\pydarwin\MOGA_test1\temp\04\122,,Done,8869.261912,11011101001010001000,8639.261882150417,True,True,False,8,4,1, 13,285.49238130789735,0,0,,
04,123,C:\Users\xli267\pydarwin\MOGA_test1\temp\04\123,,Done,8476.019039,11101000100100011010,8316.019018623136,True,True,True,11,4,1, 16,7.612398906429433,0,0,,
04,124,C:\Users\xli267\pydarwin\MOGA_test1\temp\04\124,,Done,8486.390547,10001011111100111110,8356.390537042962,True,True,True,8,4,1, 13,6.0550898501447525,0,0,,
04,125,C:\Users\xli267\pydarwin\MOGA_test1\temp\04\125,,Done,8297.137370,01101011101110110000,8127.137370391268,True,True,True,10,6,1, 17,7.672746989985273,0,0,,
04,126,C:\Users\xli267\pydarwin\MOGA_test1\temp\04\126,,Done,8286.745249,01101011011010010000,8116.745248894056,True,True,True,10,6,1, 17,7.95317833933298,0,0,,
04,127,C:\Users\xli267\pydarwin\MOGA_test1\temp\04\127,,Done,9847.171457,21101111110001110001,9737.171426935549,True,True,True,5,4,2, 11,5.582913006199422,0,0,,
04,128,C:\Users\xli267\pydarwin\MOGA_test1\temp\04\128,,Done,9831.315145,20101011001111100001,9741.315095055457,True,True,True,3,4,2, 9,5.190123931182415,0,0,,
04,129,C:\Users\xli267\pydarwin\MOGA_test1\temp\04\129,,Done,8984.788755,11011111001010111110,8794.788734722848,False,True,True,6,2,1, 9,4.563226502576571,0,0,,
04,130,C:\Users\xli267\pydarwin\MOGA_test1\temp\04\130,,Done,8490.163195,10001010010000111110,8340.163185172274,True,True,True,10,4,1, 15,6.731022634714426,0,0,,
04,131,C:\Users\xli267\pydarwin\MOGA_test1\temp\04\131,,Done,8396.712560,00011000100011101001,8176.712560125328,True,True,True,14,6,2, 22,57.86969923414227,0,0,,
04,132,C:\Users\xli267\pydarwin\MOGA_test1\temp\04\132,,Done,9856.398801,20000001100101000001,9736.39871102895,True,True,True,6,4,2, 12,8.098731808767955,0,0,,
04,133,C:\Users\xli267\pydarwin\MOGA_test1\temp\04\133,,Done,8680.451674,01010000111010100100,8180.451673778621,False,True,False,13,6,1, 20,19711588305690.746,0,0,,
04,134,C:\Users\xli267\pydarwin\MOGA_test1\temp\04\134,,Done,9869.011629,21001110001010001011,9759.01158919166,True,True,True,7,2,2, 11,6.401831293930743,0,0,,
04,135,C:\Users\xli267\pydarwin\MOGA_test1\temp\04\135,,Done,8408.283832,10001110100001010011,8228.283812021373,True,True,True,10,6,2, 18,7.3734274296369025,0,0,,
04,136,C:\Users\xli267\pydarwin\MOGA_test1\temp\04\136,,Done,8754.371277,10011000000000100100,8584.371246963201,True,True,True,11,5,1, 17,13.828255087583322,0,0,,
04,137,C:\Users\xli267\pydarwin\MOGA_test1\temp\04\137,,Done,9879.127059,21101101011110101010,9809.1270293966,True,True,True,4,2,1, 7,1.7340698593997588,0,0,,
04,138,C:\Users\xli267\pydarwin\MOGA_test1\temp\04\138,,Done,9852.395976,21100001001001101011,9762.395915989693,True,True,True,5,2,2, 9,5.172249697995979,0,0,,
04,139,C:\Users\xli267\pydarwin\MOGA_test1\temp\04\139,,Done,99999999.000000,01001101001000010101,99999999,False,False,False,12,6,2, 20,99999999,0,0,,K21 OR K31 IS TOO CLOSE TO AN EIGENVALUE 
04,140,C:\Users\xli267\pydarwin\MOGA_test1\temp\04\140,,Done,8455.122868,01011111001001001111,8295.12286797921,True,True,True,11,3,2, 16,7.361829488619443,0,0,,
04,141,C:\Users\xli267\pydarwin\MOGA_test1\temp\04\141,,Done,9856.398791,20000001100101000101,9736.39871102895,True,True,True,6,4,2, 12,8.098731808767955,0,0,,
04,142,C:\Users\xli267\pydarwin\MOGA_test1\temp\04\142,,Done,9888.764945,21100001011100101110,9808.764904971837,True,True,True,5,2,1, 8,6.428525726760673,0,0,,
04,143,C:\Users\xli267\pydarwin\MOGA_test1\temp\04\143,,Done,8456.010370,11000110001010001010,8316.010340097511,True,True,True,9,4,1, 14,6.631394451232281,0,0,,
04,144,C:\Users\xli267\pydarwin\MOGA_test1\temp\04\144,,Done,9840.843733,20011101011110100101,9740.843702620146,True,True,True,4,4,2, 10,5.0783335035807635,0,0,,
04,145,C:\Users\xli267\pydarwin\MOGA_test1\temp\04\145,,Done,9863.408135,21101001011111111110,9813.408104525717,True,True,True,2,2,1, 5,1.72352254337965,0,0,,
04,146,C:\Users\xli267\pydarwin\MOGA_test1\temp\04\146,,Done,9863.541932,21111100101001001001,9743.541892295889,True,True,True,7,3,2, 12,11.946762684142893,0,0,,
04,147,C:\Users\xli267\pydarwin\MOGA_test1\temp\04\147,,Done,9891.524692,21101001001100010110,9801.524652075488,True,True,True,5,3,1, 9,8.061020952695136,0,0,,
04,148,C:\Users\xli267\pydarwin\MOGA_test1\temp\04\148,,Done,9888.764945,21100011011100101010,9808.764904971837,True,True,True,5,2,1, 8,6.428525726760673,0,0,,
04,149,C:\Users\xli267\pydarwin\MOGA_test1\temp\04\149,,Done,9831.831376,21001111111101110001,9741.831336272944,True,True,True,3,4,2, 9,5.513807913679824,0,0,,
04,150,C:\Users\xli267\pydarwin\MOGA_test1\temp\04\150,,Done,8303.558225,01101000110101010101,8103.558224502886,True,True,True,13,5,2, 20,11.744021142328654,0,0,,
04,151,C:\Users\xli267\pydarwin\MOGA_test1\temp\04\151,,Done,8527.627811,11101000011110100110,8397.627801250688,True,True,True,8,4,1, 13,2.3598587280484065,0,0,,
04,152,C:\Users\xli267\pydarwin\MOGA_test1\temp\04\152,,Done,8268.517113,00101001001011110101,8088.517113248471,True,True,True,10,6,2, 18,6.6484535656554655,0,0,,
04,153,C:\Users\xli267\pydarwin\MOGA_test1\temp\04\153,,Done,8291.013251,01101110100101110101,8111.0132514846455,True,True,True,11,5,2, 18,9.039253128610975,0,0,,
04,154,C:\Users\xli267\pydarwin\MOGA_test1\temp\04\154,,Done,9846.534883,20000001001101000001,9736.534803166956,True,True,True,5,4,2, 11,7.987269034472605,0,0,,
04,155,C:\Users\xli267\pydarwin\MOGA_test1\temp\04\155,,Done,8414.218163,11100111001010100010,8284.218143214091,True,True,True,7,5,1, 13,4.270137051793842,0,0,,
04,156,C:\Users\xli267\pydarwin\MOGA_test1\temp\04\156,,Done,99999999.000000,00111011111100110100,99999999,False,False,False,10,5,1, 16,99999999,0,0,,K21 OR K31 IS TOO CLOSE TO AN EIGENVALUE 
04,157,C:\Users\xli267\pydarwin\MOGA_test1\temp\04\157,,Done,9910.867695,21111000000100001110,9800.867664723402,True,True,True,8,2,1, 11,8.02388340859311,0,0,,
04,158,C:\Users\xli267\pydarwin\MOGA_test1\temp\04\158,,Done,8778.954915,11010011000010001010,8638.954884570112,True,True,True,10,3,1, 14,4.6184069698965216,0,0,,
04,159,C:\Users\xli267\pydarwin\MOGA_test1\temp\04\159,,Done,8735.673470,10011101100010100010,8585.673440268161,True,True,True,9,5,1, 15,5.471825375162006,0,0,,
04,160,C:\Users\xli267\pydarwin\MOGA_test1\temp\04\160,,Done,8302.415960,01101001000110110010,8132.415960006684,True,True,True,11,5,1, 17,2.800880606695665,0,0,,
05,161,C:\Users\xli267\pydarwin\MOGA_test1\temp\05\161,,Done,8423.448760,10001100000001110100,8273.448730111186,True,True,True,8,6,1, 15,6.86149158289674,0,0,,
05,162,C:\Users\xli267\pydarwin\MOGA_test1\temp\05\162,,Done,8518.539345,11000110001010110110,8398.539315212776,True,True,True,7,4,1, 12,5.464317878351865,0,0,,
05,163,C:\Users\xli267\pydarwin\MOGA_test1\temp\05\163,,Done,8301.328619,00101001001011110100,8131.3286190069375,True,True,True,10,6,1, 17,5.7725286554771715,0,0,,
05,164,C:\Users\xli267\pydarwin\MOGA_test1\temp\05\164,,Done,8894.739289,11011101001000111110,8794.739258627213,True,True,True,7,2,1, 10,7.021754002769494,0,0,,
05,165,C:\Users\xli267\pydarwin\MOGA_test1\temp\05\165,,Done,9822.213585,21101101011111110001,9742.213554702264,True,True,True,2,4,2, 8,5.040915216036027,0,0,,
05,166,C:\Users\xli267\pydarwin\MOGA_test1\temp\05\166,,Done,8561.511979,00011000011111101011,8191.511978745142,True,True,False,10,5,2, 17,1683159.3972542773,0,0,,
05,167,C:\Users\xli267\pydarwin\MOGA_test1\temp\05\167,,Done,8332.304362,00001101001011101111,8162.304361845269,True,True,True,10,5,2, 17,6.802319456128945,0,0,,
05,168,C:\Users\xli267\pydarwin\MOGA_test1\temp\05\168,,Done,9884.945355,21101111011111000010,9804.945335217108,True,True,True,4,3,1, 8,2.4304833964470243,0,0,,
05,169,C:\Users\xli267\pydarwin\MOGA_test1\temp\05\169,,Done,9892.165957,20101101101101000010,9802.165897172481,True,True,True,5,3,1, 9,7.2838056235782975,0,0,,
05,170,C:\Users\xli267\pydarwin\MOGA_test1\temp\05\170,,Done,8467.270475,01011101001010001111,8297.270475237285,True,True,True,12,3,2, 17,5.303034408234568,0,0,,
05,171,C:\Users\xli267\pydarwin\MOGA_test1\temp\05\171,,Done,8449.300963,11001100000100111010,8319.300932761647,True,True,True,8,4,1, 13,5.984703939843758,0,0,,
05,172,C:\Users\xli267\pydarwin\MOGA_test1\temp\05\172,,Done,8780.768578,01111110001010000010,8610.76857839521,True,True,True,12,4,1, 17,18.64312778409446,0,0,,
05,173,C:\Users\xli267\pydarwin\MOGA_test1\temp\05\173,,Done,9863.408145,21101001111111111110,9813.408104525717,True,True,True,2,2,1, 5,1.72352254337965,0,0,,
05,174,C:\Users\xli267\pydarwin\MOGA_test1\temp\05\174,,Done,9856.398791,20000001000101000001,9736.39871102895,True,True,True,6,4,2, 12,8.098731808767955,0,0,,
05,175,C:\Users\xli267\pydarwin\MOGA_test1\temp\05\175,,Done,9879.127049,21101101011110101110,9809.1270293966,True,True,True,4,2,1, 7,1.7340698593997588,0,0,,
05,176,C:\Users\xli267\pydarwin\MOGA_test1\temp\05\176,,Done,8293.983131,01101000111101010101,8103.983131156231,True,True,True,12,5,2, 19,10.15119724966591,0,0,,
05,177,C:\Users\xli267\pydarwin\MOGA_test1\temp\05\177,,Done,8284.470581,01101111000011010010,8124.470580556825,True,True,True,10,5,1, 16,4.621315747908743,0,0,,
05,178,C:\Users\xli267\pydarwin\MOGA_test1\temp\05\178,,Done,8549.191147,11100000001001101100,8409.191117018618,True,True,True,9,4,1, 14,6.4379870673084465,0,0,,
05,179,C:\Users\xli267\pydarwin\MOGA_test1\temp\05\179,,Done,9887.800653,21001001011100011010,9807.800602686475,True,True,True,5,2,1, 8,8.118400268474657,0,0,,
05,180,C:\Users\xli267\pydarwin\MOGA_test1\temp\05\180,,Done,8777.608359,10110101100001101100,8637.608329023722,True,True,True,9,4,1, 14,5.05056567194284,0,0,,
05,181,C:\Users\xli267\pydarwin\MOGA_test1\temp\05\181,,Done,9856.092206,21100111001110001111,9766.09217568101,True,True,True,5,2,2, 9,4.400643553500889,0,0,,
05,182,C:\Users\xli267\pydarwin\MOGA_test1\temp\05\182,,Done,9885.132042,20000101001010101010,9805.131972355888,True,True,True,5,2,1, 8,4.551327887337708,0,0,,
05,183,C:\Users\xli267\pydarwin\MOGA_test1\temp\05\183,,Done,9871.513243,20101011001111101110,9811.513202809057,True,True,True,3,2,1, 6,1.7353721669854882,0,0,,
05,184,C:\Users\xli267\pydarwin\MOGA_test1\temp\05\184,,Done,9902.746021,21101001000100010100,9792.745980524673,True,True,True,6,4,1, 11,8.203539854302585,0,0,,
05,185,C:\Users\xli267\pydarwin\MOGA_test1\temp\05\185,,Done,9899.829562,21111000100001110010,9799.829512104892,True,True,True,6,3,1, 10,6.693149644983201,0,0,,
05,186,C:\Users\xli267\pydarwin\MOGA_test1\temp\05\186,,Done,9862.476509,20000001100100101001,9752.476419257478,True,True,True,6,3,2, 11,8.08410256236478,0,0,,
05,187,C:\Users\xli267\pydarwin\MOGA_test1\temp\05\187,,Done,9843.678903,20000001011110101001,9753.678832887792,True,True,True,4,3,2, 9,6.177630160365567,0,0,,
05,188,C:\Users\xli267\pydarwin\MOGA_test1\temp\05\188,,Done,8764.699200,11011011011101001010,8644.69918961764,True,True,True,8,3,1, 12,7.566894360057211,0,0,,
05,189,C:\Users\xli267\pydarwin\MOGA_test1\temp\05\189,,Done,8440.821049,10101011010101100100,8290.821049442942,True,True,True,8,6,1, 15,4.95734462486795,0,0,,
05,190,C:\Users\xli267\pydarwin\MOGA_test1\temp\05\190,,Done,8465.570555,00001101100001110011,8055.570554853897,True,True,False,12,7,2, 21,27684266775.022617,0,0,,
05,191,C:\Users\xli267\pydarwin\MOGA_test1\temp\05\191,,Done,8335.580356,01100100000001000100,8125.580356430033,True,True,True,14,6,1, 21,10.417189953863403,0,0,,
05,192,C:\Users\xli267\pydarwin\MOGA_test1\temp\05\192,,Done,9844.380116,20101011011100111001,9754.380076428235,True,True,True,4,3,2, 9,8.921661784364296,0,0,,
05,193,C:\Users\xli267\pydarwin\MOGA_test1\temp\05\193,,Done,9871.190663,21111001011110111010,9811.19063267136,True,True,True,3,2,1, 6,1.722109229207988,0,0,,
05,194,C:\Users\xli267\pydarwin\MOGA_test1\temp\05\194,,Done,8520.753469,00011000000011100101,8110.753468773425,True,True,False,13,6,2, 21,497095426.32314724,0,0,,
05,195,C:\Users\xli267\pydarwin\MOGA_test1\temp\05\195,,Done,8283.528548,01101111000101110010,8133.528547623854,True,True,True,9,5,1, 15,4.625135678533257,0,0,,
05,196,C:\Users\xli267\pydarwin\MOGA_test1\temp\05\196,,Done,9877.695825,21100001001011101110,9807.695774529768,True,True,True,4,2,1, 7,4.5483111899679844,0,0,,
05,197,C:\Users\xli267\pydarwin\MOGA_test1\temp\05\197,,Done,9836.870279,21100011111100110111,9746.870239247868,True,True,True,4,3,2, 9,6.912086366760401,0,0,,
05,198,C:\Users\xli267\pydarwin\MOGA_test1\temp\05\198,,Done,9833.014859,20101011111010110011,9743.014809048347,True,True,True,4,3,2, 9,4.717005652907336,0,0,,
05,199,C:\Users\xli267\pydarwin\MOGA_test1\temp\05\199,,Done,8455.217095,11001011010110111010,8335.217084614618,True,True,True,7,4,1, 12,1.5944259997180392,0,0,,
05,200,C:\Users\xli267\pydarwin\MOGA_test1\temp\05\200,,Done,8280.772088,01101110010100110010,8120.772087552892,True,True,True,10,5,1, 16,6.492700685314997,0,0,,
06,201,C:\Users\xli267\pydarwin\MOGA_test1\temp\06\201,,Done,8284.978541,01101101011110100101,8124.978541308286,True,True,True,9,5,2, 16,13.65331747449721,0,0,,
06,202,C:\Users\xli267\pydarwin\MOGA_test1\temp\06\202,,Done,8828.059271,11111001010101010101,8688.059261437373,True,True,True,8,4,2, 14,8.60559223511018,0,0,,
06,203,C:\Users\xli267\pydarwin\MOGA_test1\temp\06\203,,Done,8290.179136,01100000001001110111,8100.179135860968,True,True,True,12,5,2, 19,25.503247554648485,0,0,,
06,204,C:\Users\xli267\pydarwin\MOGA_test1\temp\06\204,,Done,8307.538508,01101000111010010000,8107.5385077870615,True,True,True,13,6,1, 20,9.618950111880899,0,0,,
06,205,C:\Users\xli267\pydarwin\MOGA_test1\temp\06\205,,Done,9886.897719,20001011001000111110,9806.89766865422,True,True,True,5,2,1, 8,6.4692411162549,0,0,,
06,206,C:\Users\xli267\pydarwin\MOGA_test1\temp\06\206,,Done,8590.222122,00100111100001100011,8080.222121966556,False,True,False,12,7,2, 21,210993501.1241091,0,0,,
06,207,C:\Users\xli267\pydarwin\MOGA_test1\temp\06\207,,Done,9833.797180,20101011111111101001,9753.797130073897,True,True,True,3,3,2, 8,6.16523314576301,0,0,,
06,208,C:\Users\xli267\pydarwin\MOGA_test1\temp\06\208,,Done,8271.740968,01101111111111010010,8131.7409677624855,True,True,True,8,5,1, 14,2.826089259837318,0,0,,
06,209,C:\Users\xli267\pydarwin\MOGA_test1\temp\06\209,,Done,8544.951736,11001101001011101110,8444.951705837439,True,True,True,6,3,1, 10,4.214750246045116,0,0,,
06,210,C:\Users\xli267\pydarwin\MOGA_test1\temp\06\210,,Done,9871.513243,21101001111111101110,9811.513202809057,True,True,True,3,2,1, 6,1.7353721669854882,0,0,,
06,211,C:\Users\xli267\pydarwin\MOGA_test1\temp\06\211,,Done,9860.635357,20001100100101000001,9730.635286729215,True,True,True,7,4,2, 13,8.082810555524938,0,0,,
06,212,C:\Users\xli267\pydarwin\MOGA_test1\temp\06\212,,Done,8759.056828,10011101001010101010,8639.05679834959,True,True,True,7,4,1, 12,4.8267874495190695,0,0,,
06,213,C:\Users\xli267\pydarwin\MOGA_test1\temp\06\213,,Done,8894.739279,11011111001000111110,8794.739258627213,True,True,True,7,2,1, 10,7.021754002769494,0,0,,
06,214,C:\Users\xli267\pydarwin\MOGA_test1\temp\06\214,,Done,9883.146152,21111001011110100110,9803.146132441096,True,True,True,4,3,1, 8,1.897198814930063,0,0,,
06,215,C:\Users\xli267\pydarwin\MOGA_test1\temp\06\215,,Done,8282.752044,01101010111111100000,8112.7520441407505,True,True,True,10,6,1, 17,8.241345506754609,0,0,,
06,216,C:\Users\xli267\pydarwin\MOGA_test1\temp\06\216,,Done,8406.228427,00101001101111110000,8126.228426959497,True,True,False,10,7,1, 18,621.6012093033255,0,0,,
06,217,C:\Users\xli267\pydarwin\MOGA_test1\temp\06\217,,Done,8276.587971,00101001010110110101,8096.587971188114,True,True,True,10,6,2, 18,6.285795167188637,0,0,,
06,218,C:\Users\xli267\pydarwin\MOGA_test1\temp\06\218,,Done,8281.582130,01101111000111010010,8131.58212950374,True,True,True,9,5,1, 15,2.9826695049187193,0,0,,
06,219,C:\Users\xli267\pydarwin\MOGA_test1\temp\06\219,,Done,9894.424513,21100000100101011110,9804.424453126205,True,True,True,6,2,1, 9,7.043472330479272,0,0,,
06,220,C:\Users\xli267\pydarwin\MOGA_test1\temp\06\220,,Done,8315.523406,01101000101010010010,8115.523406199523,True,True,True,14,5,1, 20,9.551567379832138,0,0,,
06,221,C:\Users\xli267\pydarwin\MOGA_test1\temp\06\221,,Done,9831.779304,21100111011110110101,9741.779284190701,True,True,True,3,4,2, 9,4.971362308198446,0,0,,
06,222,C:\Users\xli267\pydarwin\MOGA_test1\temp\06\222,,Done,9822.213575,21101111011111110001,9742.213554702264,True,True,True,2,4,2, 8,5.040915216036027,0,0,,
06,223,C:\Users\xli267\pydarwin\MOGA_test1\temp\06\223,,Done,8423.805449,10101100101101100100,8273.805428959447,True,True,True,8,6,1, 15,5.709097162200409,0,0,,
06,224,C:\Users\xli267\pydarwin\MOGA_test1\temp\06\224,,Done,8289.993605,01101100000101110010,8119.993604874385,True,True,True,11,5,1, 17,5.0309632061394955,0,0,,
06,225,C:\Users\xli267\pydarwin\MOGA_test1\temp\06\225,,Done,9872.366505,21101001001101111010,9812.366455086041,True,True,True,3,2,1, 6,4.4542697679558865,0,0,,
06,226,C:\Users\xli267\pydarwin\MOGA_test1\temp\06\226,,Done,9879.415819,21101001000011111110,9809.415778747269,True,True,True,4,2,1, 7,4.665850594677706,0,0,,
06,227,C:\Users\xli267\pydarwin\MOGA_test1\temp\06\227,,Done,8847.433467,11011111010110111010,8647.433457311161,False,True,True,6,3,1, 10,2.305979492782613,0,0,,
06,228,C:\Users\xli267\pydarwin\MOGA_test1\temp\06\228,,Done,9863.408155,20101001001111111110,9813.408104525717,True,True,True,2,2,1, 5,1.72352254337965,0,0,,
06,229,C:\Users\xli267\pydarwin\MOGA_test1\temp\06\229,,Done,8678.660358,00000001100001110011,8048.660357535384,False,False,False,13,8,2, 23,99999999,0,0,,
06,230,C:\Users\xli267\pydarwin\MOGA_test1\temp\06\230,,Done,8449.300953,11001100010100111010,8319.300932761647,True,True,True,8,4,1, 13,5.984703939843758,0,0,,
06,231,C:\Users\xli267\pydarwin\MOGA_test1\temp\06\231,,Done,8461.100029,10001111001010111110,8351.100009013331,True,True,True,6,4,1, 11,4.274339073900572,0,0,,
06,232,C:\Users\xli267\pydarwin\MOGA_test1\temp\06\232,,Done,8448.095379,10101100000101111000,8308.095359146417,True,True,True,7,6,1, 14,5.218577174918297,0,0,,
06,233,C:\Users\xli267\pydarwin\MOGA_test1\temp\06\233,,Done,9844.672015,20101011001010010001,9734.671964970898,True,True,True,5,4,2, 11,7.135547592903374,0,0,,
06,234,C:\Users\xli267\pydarwin\MOGA_test1\temp\06\234,,Done,9893.859675,21101011001010001110,9803.859644638142,True,True,True,6,2,1, 9,4.705108936319376,0,0,,
06,235,C:\Users\xli267\pydarwin\MOGA_test1\temp\06\235,,Done,9877.695815,21100101001011101110,9807.695774529768,True,True,True,4,2,1, 7,4.5483111899679844,0,0,,
06,236,C:\Users\xli267\pydarwin\MOGA_test1\temp\06\236,,Done,8594.979542,01100000001000110101,8084.979541808392,True,False,False,13,6,2, 21,99999999,0,0,,
06,237,C:\Users\xli267\pydarwin\MOGA_test1\temp\06\237,,Done,8286.396895,01101111000001110010,8126.396894900381,True,True,True,10,5,1, 16,4.787840471108406,0,0,,
06,238,C:\Users\xli267\pydarwin\MOGA_test1\temp\06\238,,Done,9825.558074,21100101011111111001,9755.558033938734,True,True,True,2,3,2, 7,6.614027921650587,0,0,,
06,239,C:\Users\xli267\pydarwin\MOGA_test1\temp\06\239,,Done,9892.843934,20101111011101000000,9792.843904368307,True,True,True,5,4,1, 10,7.3569561204043366,0,0,,
06,240,C:\Users\xli267\pydarwin\MOGA_test1\temp\06\240,,Done,8305.886835,01000011100010010010,8095.886834766178,True,True,True,13,7,1, 21,21.602277931469246,0,0,,
07,241,C:\Users\xli267\pydarwin\MOGA_test1\temp\07\241,,Done,8541.832862,00100111100001101011,8141.832862154606,True,True,False,12,6,2, 20,64032.54602009341,0,0,,
07,242,C:\Users\xli267\pydarwin\MOGA_test1\temp\07\242,,Done,9880.027598,21101001001101101010,9810.0275477544,True,True,True,4,2,1, 7,4.599145210712513,0,0,,
07,243,C:\Users\xli267\pydarwin\MOGA_test1\temp\07\243,,Done,99999999.000000,01111101111111010010,99999999,False,False,False,9,4,1, 14,99999999,0,0,,K21 OR K31 IS TOO CLOSE TO AN EIGENVALUE 
07,244,C:\Users\xli267\pydarwin\MOGA_test1\temp\07\244,,Done,9892.251473,21101001000001110010,9802.251422689562,True,True,True,5,3,1, 9,5.132347680937067,0,0,,
07,245,C:\Users\xli267\pydarwin\MOGA_test1\temp\07\245,,Done,9869.557870,20100001101011111110,9809.55780040369,True,True,True,3,2,1, 6,4.534844185620129,0,0,,
07,246,C:\Users\xli267\pydarwin\MOGA_test1\temp\07\246,,Done,9850.743409,20101011010110100001,9740.743369251859,True,True,True,5,4,2, 11,5.027909676054922,0,0,,
07,247,C:\Users\xli267\pydarwin\MOGA_test1\temp\07\247,,Done,8888.719140,11011111011100111110,8798.719129537967,True,True,True,6,2,1, 9,6.885440180568936,0,0,,
07,248,C:\Users\xli267\pydarwin\MOGA_test1\temp\07\248,,Done,8418.370287,11100101111111000010,8288.37026735954,True,True,True,7,5,1, 13,2.432620157880097,0,0,,
07,249,C:\Users\xli267\pydarwin\MOGA_test1\temp\07\249,,Done,8546.046377,11001111001010111110,8446.046357396475,True,True,True,6,3,1, 10,4.439535794749784,0,0,,
07,250,C:\Users\xli267\pydarwin\MOGA_test1\temp\07\250,,Done,9863.408155,21101001001111111010,9813.408104525717,True,True,True,2,2,1, 5,1.72352254337965,0,0,,
07,251,C:\Users\xli267\pydarwin\MOGA_test1\temp\07\251,,Done,8709.508974,11111001011111100010,8599.508963764078,True,True,True,6,4,1, 11,2.219197336804515,0,0,,
07,252,C:\Users\xli267\pydarwin\MOGA_test1\temp\07\252,,Done,8275.817909,01100111000111010101,8105.817908619597,True,True,True,9,6,2, 17,9.193593459807268,0,0,,
07,253,C:\Users\xli267\pydarwin\MOGA_test1\temp\07\253,,Done,9885.132002,21100111001010101110,9805.131972355888,True,True,True,5,2,1, 8,4.551327887337708,0,0,,
07,254,C:\Users\xli267\pydarwin\MOGA_test1\temp\07\254,,Done,9895.668799,20101000100001111110,9805.668738804294,True,True,True,6,2,1, 9,6.769434152245566,0,0,,
07,255,C:\Users\xli267\pydarwin\MOGA_test1\temp\07\255,,Done,8266.890695,00000011100001110001,8036.8906948050335,True,True,True,12,9,2, 23,13.07552146023852,0,0,,
07,256,C:\Users\xli267\pydarwin\MOGA_test1\temp\07\256,,Done,8355.797855,00001101100011110011,8055.7978549883865,True,True,False,11,7,2, 20,474.60126164687017,0,0,,
07,257,C:\Users\xli267\pydarwin\MOGA_test1\temp\07\257,,Done,8554.271336,11101001001011101110,8444.27131580287,True,True,True,7,3,1, 11,4.5146214350489435,0,0,,
07,258,C:\Users\xli267\pydarwin\MOGA_test1\temp\07\258,,Done,8408.422609,01011101001110111000,8258.422609336736,True,True,True,9,5,1, 15,14.448932098383544,0,0,,
07,259,C:\Users\xli267\pydarwin\MOGA_test1\temp\07\259,,Done,8276.729134,01101111000011110010,8126.7291340508655,True,True,True,9,5,1, 15,4.786852579506956,0,0,,
07,260,C:\Users\xli267\pydarwin\MOGA_test1\temp\07\260,,Done,8437.262716,11101011001010101011,8297.26270594858,True,True,True,8,4,2, 14,4.825117769469495,0,0,,
07,261,C:\Users\xli267\pydarwin\MOGA_test1\temp\07\261,,Done,8522.652886,00001100101101111011,8132.652885672318,True,True,False,11,6,2, 19,839383.5825012821,0,0,,
07,262,C:\Users\xli267\pydarwin\MOGA_test1\temp\07\262,,Done,8269.907788,00001001000001110011,8059.907787845756,True,True,True,12,7,2, 21,19.82406843962421,0,0,,
07,263,C:\Users\xli267\pydarwin\MOGA_test1\temp\07\263,,Done,8728.190943,11011111001111111010,8648.190923463728,True,True,True,4,3,1, 8,2.475539399783376,0,0,,
07,264,C:\Users\xli267\pydarwin\MOGA_test1\temp\07\264,,Done,9832.548844,21110111001011111001,9752.548813692896,True,True,True,3,3,2, 8,7.662256470996074,0,0,,
07,265,C:\Users\xli267\pydarwin\MOGA_test1\temp\07\265,,Done,8478.889588,10001111001000101110,8348.889568196582,True,True,True,8,4,1, 13,6.646144905349762,0,0,,
07,266,C:\Users\xli267\pydarwin\MOGA_test1\temp\07\266,,Done,9869.557830,21101011001011111110,9809.55780040369,True,True,True,3,2,1, 6,4.534844185620129,0,0,,
07,267,C:\Users\xli267\pydarwin\MOGA_test1\temp\07\267,,Done,8413.460778,11000001001011010010,8283.46073832125,True,True,True,7,5,1, 13,4.222602249709187,0,0,,
07,268,C:\Users\xli267\pydarwin\MOGA_test1\temp\07\268,,Done,9863.408145,21101001001111111110,9813.408104525717,True,True,True,2,2,1, 5,1.72352254337965,0,0,,
07,269,C:\Users\xli267\pydarwin\MOGA_test1\temp\07\269,,Done,99999999.000000,00110011100000111011,99999999,False,False,False,13,5,2, 20,99999999,0,0,,K21 OR K31 IS TOO CLOSE TO AN EIGENVALUE 
07,270,C:\Users\xli267\pydarwin\MOGA_test1\temp\07\270,,Done,8315.969206,01101000100101010010,8115.969205905133,True,True,True,14,5,1, 20,7.306292410856359,0,0,,
07,271,C:\Users\xli267\pydarwin\MOGA_test1\temp\07\271,,Done,8453.718855,11100001111111101010,8333.718835235994,True,True,True,7,4,1, 12,1.6600582938061703,0,0,,
07,272,C:\Users\xli267\pydarwin\MOGA_test1\temp\07\272,,Done,8353.952286,00101101001111110011,8093.95228555929,True,True,False,8,6,2, 16,627.3054402476228,0,0,,
07,273,C:\Users\xli267\pydarwin\MOGA_test1\temp\07\273,,Done,8508.743477,11100000001001110101,8358.743447054947,True,True,True,8,5,2, 15,8.21502774398572,0,0,,
07,274,C:\Users\xli267\pydarwin\MOGA_test1\temp\07\274,,Done,8302.509654,01101111100001010010,8122.509654289164,True,True,True,12,5,1, 18,7.352068282135516,0,0,,
07,275,C:\Users\xli267\pydarwin\MOGA_test1\temp\07\275,,Done,8442.755354,11001101001101101010,8332.755323861296,True,True,True,6,4,1, 11,4.350811482057916,0,0,,
07,276,C:\Users\xli267\pydarwin\MOGA_test1\temp\07\276,,Done,8281.702416,01101111110111010010,8131.702415752515,True,True,True,9,5,1, 15,2.766806201243792,0,0,,
07,277,C:\Users\xli267\pydarwin\MOGA_test1\temp\07\277,,Done,8376.766737,00101001010110110001,8086.766736773258,True,True,False,10,7,2, 19,955.9005269347368,0,0,,
07,278,C:\Users\xli267\pydarwin\MOGA_test1\temp\07\278,,Done,8462.247348,00000100100101110011,8042.247348229434,True,True,False,12,8,2, 22,451783392.26567537,0,0,,
07,279,C:\Users\xli267\pydarwin\MOGA_test1\temp\07\279,,Done,8243.590353,00001110110110110101,8053.590353177961,True,True,True,10,7,2, 19,12.127616831914198,0,0,,
07,280,C:\Users\xli267\pydarwin\MOGA_test1\temp\07\280,,Done,8475.640057,00101111000001100011,8085.640056768354,True,True,False,11,6,2, 19,2000.7261342253607,0,0,,
08,281,C:\Users\xli267\pydarwin\MOGA_test1\temp\08\281,,Done,9881.184244,21101001000110111110,9811.184203787328,True,True,True,4,2,1, 7,1.7351082452003377,0,0,,
08,282,C:\Users\xli267\pydarwin\MOGA_test1\temp\08\282,,Done,8461.415851,00001001101111110011,8071.4158514671435,True,True,False,10,7,2, 19,40206579.85155604,0,0,,
08,283,C:\Users\xli267\pydarwin\MOGA_test1\temp\08\283,,Done,8554.599161,11101101011010101110,8444.599150855438,True,True,True,7,3,1, 11,4.395612725428087,0,0,,
08,284,C:\Users\xli267\pydarwin\MOGA_test1\temp\08\284,,Done,8456.532608,00001100100111010011,8046.532608294255,True,True,False,12,7,2, 21,92351867.44631329,0,0,,
08,285,C:\Users\xli267\pydarwin\MOGA_test1\temp\08\285,,Done,8404.910477,11100110111110110010,8274.91046722788,True,True,True,7,5,1, 13,1.8046092932009883,0,0,,
08,286,C:\Users\xli267\pydarwin\MOGA_test1\temp\08\286,,Done,8847.433477,11011111000110111010,8647.433457311161,False,True,True,6,3,1, 10,2.305979492782613,0,0,,
08,287,C:\Users\xli267\pydarwin\MOGA_test1\temp\08\287,,Done,9837.817659,21101011111111101111,9767.817629198671,True,True,True,3,2,2, 7,3.3248034845880365,0,0,,
08,288,C:\Users\xli267\pydarwin\MOGA_test1\temp\08\288,,Done,8442.093097,00101001001111101001,8162.093096636331,True,True,False,10,6,2, 18,457.60531751973394,0,0,,
08,289,C:\Users\xli267\pydarwin\MOGA_test1\temp\08\289,,Done,8245.934390,00000111001010110001,8045.934389874637,True,True,True,9,9,2, 20,18.34600595225278,0,0,,
08,290,C:\Users\xli267\pydarwin\MOGA_test1\temp\08\290,,Done,9885.880487,20111011111001101110,9805.880457448897,True,True,True,5,2,1, 8,5.172833900819855,0,0,,
08,291,C:\Users\xli267\pydarwin\MOGA_test1\temp\08\291,,Done,8255.376846,01101111000111010001,8085.376845899625,True,True,True,9,6,2, 17,4.358777608765492,0,0,,
08,292,C:\Users\xli267\pydarwin\MOGA_test1\temp\08\292,,Done,8339.158560,00101111001110111111,8199.158559964126,True,True,True,8,4,2, 14,3.497515018839088,0,0,,
08,293,C:\Users\xli267\pydarwin\MOGA_test1\temp\08\293,,Done,9881.184244,21111101100110111010,9811.184203787328,True,True,True,4,2,1, 7,1.7351082452003377,0,0,,
08,294,C:\Users\xli267\pydarwin\MOGA_test1\temp\08\294,,Done,9822.213595,21100101011111110001,9742.213554702264,True,True,True,2,4,2, 8,5.040915216036027,0,0,,
08,295,C:\Users\xli267\pydarwin\MOGA_test1\temp\08\295,,Done,9851.996794,21101111000001100111,9741.996773958772,True,True,True,6,3,2, 11,4.914494788232185,0,0,,
08,296,C:\Users\xli267\pydarwin\MOGA_test1\temp\08\296,,Done,9888.733327,21101001001010010010,9798.733277309804,True,True,True,5,3,1, 9,4.563658965648553,0,0,,
08,297,C:\Users\xli267\pydarwin\MOGA_test1\temp\08\297,,Done,9882.412229,21101001001001110110,9802.412188806366,True,True,True,4,3,1, 8,5.07624083761306,0,0,,
08,298,C:\Users\xli267\pydarwin\MOGA_test1\temp\08\298,,Done,8363.871689,11101101011111110011,8253.8716787939,True,True,True,4,5,2, 11,3.4238991458777415,0,0,,
08,299,C:\Users\xli267\pydarwin\MOGA_test1\temp\08\299,,Done,9872.366495,21101001111101111110,9812.366455086041,True,True,True,3,2,1, 6,4.4542697679558865,0,0,,
08,300,C:\Users\xli267\pydarwin\MOGA_test1\temp\08\300,,Done,9842.812779,21100101010011011001,9742.812738690416,True,True,True,5,3,2, 10,7.111468626766383,0,0,,
08,301,C:\Users\xli267\pydarwin\MOGA_test1\temp\08\301,,Done,9822.213585,21101111001111110001,9742.213554702264,True,True,True,2,4,2, 8,5.040915216036027,0,0,,
08,302,C:\Users\xli267\pydarwin\MOGA_test1\temp\08\302,,Done,8273.848150,01101111000111110010,8133.848149995597,True,True,True,8,5,1, 14,2.916857485547973,0,0,,
08,303,C:\Users\xli267\pydarwin\MOGA_test1\temp\08\303,,Done,8246.176574,00001011001011100101,8056.176574382535,True,True,True,10,7,2, 19,25.94415273406586,0,0,,
08,304,C:\Users\xli267\pydarwin\MOGA_test1\temp\08\304,,Done,8476.408055,00000001100001110001,8036.408054613397,True,True,False,13,9,2, 24,456163125.209664,0,0,,
08,305,C:\Users\xli267\pydarwin\MOGA_test1\temp\08\305,,Done,9883.479153,21101001000011110110,9803.479112540972,True,True,True,4,3,1, 8,4.665857682765701,0,0,,
08,306,C:\Users\xli267\pydarwin\MOGA_test1\temp\08\306,,Done,8904.456441,11011001000001111110,8794.4564107814,True,True,True,8,2,1, 11,4.813253950852936,0,0,,
08,307,C:\Users\xli267\pydarwin\MOGA_test1\temp\08\307,,Done,9829.853280,21101001111111111011,9769.853230275625,True,True,True,2,2,2, 6,4.921115111035021,0,0,,
08,308,C:\Users\xli267\pydarwin\MOGA_test1\temp\08\308,,Done,8297.470500,01100111001111010110,8157.470500143163,True,True,True,8,5,1, 14,30.924939109786763,0,0,,
08,309,C:\Users\xli267\pydarwin\MOGA_test1\temp\08\309,,Done,8563.913832,11000011001010101110,8443.913801877563,True,True,True,8,3,1, 12,4.305800379171854,0,0,,
08,310,C:\Users\xli267\pydarwin\MOGA_test1\temp\08\310,,Done,8717.477586,11011100000001110010,8587.477556244356,True,True,True,8,4,1, 13,6.586621814896005,0,0,,
08,311,C:\Users\xli267\pydarwin\MOGA_test1\temp\08\311,,Done,8617.774398,00001111011011110101,8057.774397578985,False,False,False,7,7,2, 16,99999999,0,0,,
08,312,C:\Users\xli267\pydarwin\MOGA_test1\temp\08\312,,Done,8313.092900,00000011100001111001,8093.092900293437,True,True,True,12,8,2, 22,10.917009569380857,0,0,,
08,313,C:\Users\xli267\pydarwin\MOGA_test1\temp\08\313,,Done,8528.067315,00101001011111111011,8178.067315005298,True,True,False,8,5,2, 15,3179.8477069922765,0,0,,
08,314,C:\Users\xli267\pydarwin\MOGA_test1\temp\08\314,,Done,8747.784670,11111001001111101010,8647.784649911797,True,True,True,6,3,1, 10,2.4809691772105427,0,0,,
08,315,C:\Users\xli267\pydarwin\MOGA_test1\temp\08\315,,Done,8433.764110,11001101001111101010,8333.764080469504,True,True,True,5,4,1, 10,1.5398264983729708,0,0,,
08,316,C:\Users\xli267\pydarwin\MOGA_test1\temp\08\316,,Done,9845.985280,20000100100101110001,9735.985199555771,True,True,True,5,4,2, 11,5.427928041772238,0,0,,
08,317,C:\Users\xli267\pydarwin\MOGA_test1\temp\08\317,,Done,8546.118986,00000011111110110001,8046.118985987334,False,True,False,9,9,2, 20,23296564414.341457,0,0,,
08,318,C:\Users\xli267\pydarwin\MOGA_test1\temp\08\318,,Done,8546.046367,11101111001010111110,8446.046357396475,True,True,True,6,3,1, 10,4.439535794749784,0,0,,
08,319,C:\Users\xli267\pydarwin\MOGA_test1\temp\08\319,,Done,9892.251463,21111001000001110010,9802.251422689562,True,True,True,5,3,1, 9,5.132347680937067,0,0,,
08,320,C:\Users\xli267\pydarwin\MOGA_test1\temp\08\320,,Done,8754.935714,11010001111111101010,8644.935683798501,True,True,True,7,3,1, 11,2.479453769893209,0,0,,
09,321,C:\Users\xli267\pydarwin\MOGA_test1\temp\09\321,,Done,8256.254272,01101111000011010001,8076.254271825017,True,True,True,10,6,2, 18,6.624557425675767,0,0,,
09,322,C:\Users\xli267\pydarwin\MOGA_test1\temp\09\322,,Done,9883.513228,21110110111110101010,9803.513197829474,True,True,True,5,2,1, 8,1.759927124969071,0,0,,
09,323,C:\Users\xli267\pydarwin\MOGA_test1\temp\09\323,,Done,9871.513243,21101001001111101110,9811.513202809057,True,True,True,3,2,1, 6,1.7353721669854882,0,0,,
09,324,C:\Users\xli267\pydarwin\MOGA_test1\temp\09\324,,Done,8441.344100,10001101001111101010,8331.344069718956,True,True,True,5,5,1, 11,4.845229158254007,0,0,,
09,325,C:\Users\xli267\pydarwin\MOGA_test1\temp\09\325,,Done,8446.575981,00001100101111010011,8046.575981098824,True,True,False,11,7,2, 20,27713.173191816582,0,0,,
09,326,C:\Users\xli267\pydarwin\MOGA_test1\temp\09\326,,Done,9835.608372,20100001101011111111,9765.608301840413,True,True,True,3,2,2, 7,6.947103089005936,0,0,,
09,327,C:\Users\xli267\pydarwin\MOGA_test1\temp\09\327,,Done,8751.162823,10010111001011111110,8661.162793218782,True,True,True,5,3,1, 9,4.244922560085876,0,0,,
09,328,C:\Users\xli267\pydarwin\MOGA_test1\temp\09\328,,Done,8381.919264,01011111111110110101,8231.919263749329,True,True,True,8,5,2, 15,23.746073592675984,0,0,,
09,329,C:\Users\xli267\pydarwin\MOGA_test1\temp\09\329,,Done,8296.504512,01101001011111110110,8166.504511988093,True,True,True,8,4,1, 13,3.9104540830104653,0,0,,
09,330,C:\Users\xli267\pydarwin\MOGA_test1\temp\09\330,,Done,9838.653859,20101001111101111011,9768.653798960593,True,True,True,3,2,2, 7,5.347630628736928,0,0,,
09,331,C:\Users\xli267\pydarwin\MOGA_test1\temp\09\331,,Done,8733.699216,01111101010110101010,8593.699216235016,True,True,True,10,3,1, 14,20.050609395928287,0,0,,
09,332,C:\Users\xli267\pydarwin\MOGA_test1\temp\09\332,,Done,8451.192608,10101111001011111110,8351.192597797959,True,True,True,5,4,1, 10,4.238342618809434,0,0,,
09,333,C:\Users\xli267\pydarwin\MOGA_test1\temp\09\333,,Done,9843.038656,21101100100111010001,9733.038606490396,True,True,True,5,4,2, 11,6.186006321038973,0,0,,
09,334,C:\Users\xli267\pydarwin\MOGA_test1\temp\09\334,,Done,8884.802056,11111001111111111110,8794.80204600182,True,True,True,6,2,1, 9,2.725386320195848,0,0,,
09,335,C:\Users\xli267\pydarwin\MOGA_test1\temp\09\335,,Done,8242.521313,00000011111110110101,8052.521313256952,True,True,True,9,8,2, 19,8.580249368618352,0,0,,
09,336,C:\Users\xli267\pydarwin\MOGA_test1\temp\09\336,,Done,9863.408125,21101101011111111110,9813.408104525717,True,True,True,2,2,1, 5,1.72352254337965,0,0,,
09,337,C:\Users\xli267\pydarwin\MOGA_test1\temp\09\337,,Done,9872.366495,21110001001101111110,9812.366455086041,True,True,True,3,2,1, 6,4.4542697679558865,0,0,,
09,338,C:\Users\xli267\pydarwin\MOGA_test1\temp\09\338,,Done,8434.698419,11001101001101111010,8334.698388692725,True,True,True,5,4,1, 10,4.1768686157274155,0,0,,
09,339,C:\Users\xli267\pydarwin\MOGA_test1\temp\09\339,,Done,8441.933776,10101101001111101100,8331.93375618028,True,True,True,5,5,1, 11,3.5013822462674513,0,0,,
09,340,C:\Users\xli267\pydarwin\MOGA_test1\temp\09\340,,Done,8404.888036,11101000011110110010,8274.888026189734,True,True,True,7,5,1, 13,1.8311497496333222,0,0,,
09,341,C:\Users\xli267\pydarwin\MOGA_test1\temp\09\341,,Done,8508.925177,11001100001011110110,8398.925147049426,True,True,True,6,4,1, 11,5.150534310079893,0,0,,
09,342,C:\Users\xli267\pydarwin\MOGA_test1\temp\09\342,,Done,8552.070761,01000100100101110011,8042.070761027072,False,True,False,12,7,2, 21,3775439340.516096,0,0,,
09,343,C:\Users\xli267\pydarwin\MOGA_test1\temp\09\343,,Done,99999999.000000,00101101000111111011,99999999,False,False,False,9,5,2, 16,99999999,0,0,,K21 OR K31 IS TOO CLOSE TO AN EIGENVALUE 
09,344,C:\Users\xli267\pydarwin\MOGA_test1\temp\09\344,,Done,8407.904315,10000001101001110001,8237.904274971712,True,True,True,8,7,2, 17,5.358029377191316,0,0,,
09,345,C:\Users\xli267\pydarwin\MOGA_test1\temp\09\345,,Done,9868.680403,21101101111111110000,9798.680363133959,True,True,True,2,4,1, 7,3.2364143199432758,0,0,,
09,346,C:\Users\xli267\pydarwin\MOGA_test1\temp\09\346,,Done,9863.408145,21101011001111111010,9813.408104525717,True,True,True,2,2,1, 5,1.72352254337965,0,0,,
09,347,C:\Users\xli267\pydarwin\MOGA_test1\temp\09\347,,Done,9869.557860,20000011001011111110,9809.55780040369,True,True,True,3,2,1, 6,4.534844185620129,0,0,,
09,348,C:\Users\xli267\pydarwin\MOGA_test1\temp\09\348,,Done,9883.479143,21101111000011110010,9803.479112540972,True,True,True,4,3,1, 8,4.665857682765701,0,0,,
09,349,C:\Users\xli267\pydarwin\MOGA_test1\temp\09\349,,Done,9835.608342,21101011111011111011,9765.608301840413,True,True,True,3,2,2, 7,6.947103089005936,0,0,,
09,350,C:\Users\xli267\pydarwin\MOGA_test1\temp\09\350,,Done,8261.288907,00001010110100110101,8051.288906874275,True,True,True,12,7,2, 21,11.535544296786279,0,0,,
09,351,C:\Users\xli267\pydarwin\MOGA_test1\temp\09\351,,Done,9877.170652,20101011001010111110,9807.170612047643,True,True,True,4,2,1, 7,4.538528945637684,0,0,,
09,352,C:\Users\xli267\pydarwin\MOGA_test1\temp\09\352,,Done,8215.584140,01001101011111110011,8065.584140369056,True,True,True,7,6,2, 15,16.964132557968412,0,0,,
09,353,C:\Users\xli267\pydarwin\MOGA_test1\temp\09\353,,Done,9871.190653,21011111001110111110,9811.19063267136,True,True,True,3,2,1, 6,1.722109229207988,0,0,,
09,354,C:\Users\xli267\pydarwin\MOGA_test1\temp\09\354,,Done,9882.359499,21011111000101111010,9812.359468595434,True,True,True,4,2,1, 7,4.462379067732015,0,0,,
09,355,C:\Users\xli267\pydarwin\MOGA_test1\temp\09\355,,Done,8268.761186,01101110111111010010,8118.7611864984265,True,True,True,9,5,1, 15,2.8178022944186343,0,0,,
09,356,C:\Users\xli267\pydarwin\MOGA_test1\temp\09\356,,Done,8263.653422,00000100110111110111,8073.653421511094,True,True,True,10,7,2, 19,29.192704419140966,0,0,,
09,357,C:\Users\xli267\pydarwin\MOGA_test1\temp\09\357,,Done,8414.391264,11000110111100110010,8274.391243897022,True,True,True,8,5,1, 14,6.417596316161717,0,0,,
09,358,C:\Users\xli267\pydarwin\MOGA_test1\temp\09\358,,Done,9847.171487,21100101100001110001,9737.171426935549,True,True,True,5,4,2, 11,5.582913006199422,0,0,,
09,359,C:\Users\xli267\pydarwin\MOGA_test1\temp\09\359,,Done,8441.584129,00000111001011100101,8051.584129256686,True,True,False,9,8,2, 19,3368395395.115778,0,0,,
09,360,C:\Users\xli267\pydarwin\MOGA_test1\temp\09\360,,Done,9825.558094,20000011011111111001,9755.558033938734,True,True,True,2,3,2, 7,6.614027921650587,0,0,,
10,361,C:\Users\xli267\pydarwin\MOGA_test1\temp\10\361,,Done,8565.475958,00000001101101110001,8045.475958057103,False,True,False,11,9,2, 22,4596615042.361318,0,0,,
10,362,C:\Users\xli267\pydarwin\MOGA_test1\temp\10\362,,Done,9872.366515,20000011001101111110,9812.366455086041,True,True,True,3,2,1, 6,4.4542697679558865,0,0,,
10,363,C:\Users\xli267\pydarwin\MOGA_test1\temp\10\363,,Done,8400.921022,11101101111111110010,8290.921011785746,True,True,True,5,5,1, 11,1.7761053377322957,0,0,,
10,364,C:\Users\xli267\pydarwin\MOGA_test1\temp\10\364,,Done,9881.025665,21101001011100111110,9811.025634655593,True,True,True,4,2,1, 7,6.324340998214484,0,0,,
10,365,C:\Users\xli267\pydarwin\MOGA_test1\temp\10\365,,Done,8699.741942,11011111001111100010,8599.741922282437,True,True,True,5,4,1, 10,2.1722923273037473,0,0,,
10,366,C:\Users\xli267\pydarwin\MOGA_test1\temp\10\366,,Done,8487.461318,11001101011111110101,8377.461297614207,True,True,True,4,5,2, 11,6.348151401036109,0,0,,
10,367,C:\Users\xli267\pydarwin\MOGA_test1\temp\10\367,,Done,8481.216841,00000011011111111011,8121.216840909667,True,True,False,7,7,2, 16,1186.4319778848542,0,0,,
10,368,C:\Users\xli267\pydarwin\MOGA_test1\temp\10\368,,Done,8751.162833,10010101001011111110,8661.162793218782,True,True,True,5,3,1, 9,4.244922560085876,0,0,,
10,369,C:\Users\xli267\pydarwin\MOGA_test1\temp\10\369,,Done,8345.808563,00000011110111110001,8045.80856339267,False,True,True,9,9,2, 20,9.410235917765531,0,0,,
10,370,C:\Users\xli267\pydarwin\MOGA_test1\temp\10\370,,Done,8380.630583,01001101101011110010,8110.630583070242,False,True,True,10,6,1, 17,33.9650031113566,0,0,,
10,371,C:\Users\xli267\pydarwin\MOGA_test1\temp\10\371,,Done,8312.852433,01101100011011111011,8162.85243321154,True,True,True,9,4,2, 15,6.706535698617343,0,0,,
10,372,C:\Users\xli267\pydarwin\MOGA_test1\temp\10\372,,Done,8561.830694,01000100100101100011,8041.8306939312115,False,True,False,13,7,2, 22,52797278298.686165,0,0,,
10,373,C:\Users\xli267\pydarwin\MOGA_test1\temp\10\373,,Done,8541.594338,00001101001011111010,8181.594337674992,True,True,False,9,6,1, 16,21229197.077535987,0,0,,
10,374,C:\Users\xli267\pydarwin\MOGA_test1\temp\10\374,,Done,8437.335688,11001100011011101010,8317.335667516874,True,True,True,7,4,1, 12,5.763018188627064,0,0,,
10,375,C:\Users\xli267\pydarwin\MOGA_test1\temp\10\375,,Done,8737.668012,11011111011110111010,8647.668002327868,True,True,True,5,3,1, 9,2.4239387998116135,0,0,,
10,376,C:\Users\xli267\pydarwin\MOGA_test1\temp\10\376,,Done,8594.729984,00001001011111110110,8144.729983771088,False,True,False,8,6,1, 15,8.597095734028736e+16,0,0,,
10,377,C:\Users\xli267\pydarwin\MOGA_test1\temp\10\377,,Done,8548.412161,00000101000011110001,8038.4121610200045,False,True,False,10,9,2, 21,242445515159.774,0,0,,
10,378,C:\Users\xli267\pydarwin\MOGA_test1\temp\10\378,,Done,8304.263643,01101111001111111001,8164.263643419277,True,True,True,7,5,2, 14,5.288343376251628,0,0,,
10,379,C:\Users\xli267\pydarwin\MOGA_test1\temp\10\379,,Done,8556.526001,00001111100001110001,8046.52600141386,False,True,False,11,8,2, 21,119976990023904.5,0,0,,
10,380,C:\Users\xli267\pydarwin\MOGA_test1\temp\10\380,,Done,8447.498949,11001101000011101010,8327.498918861244,True,True,True,7,4,1, 12,4.522306327178849,0,0,,
10,381,C:\Users\xli267\pydarwin\MOGA_test1\temp\10\381,,Done,8441.893703,00101100000011111011,8161.893703496327,True,True,False,11,5,2, 18,336.3889281177866,0,0,,
10,382,C:\Users\xli267\pydarwin\MOGA_test1\temp\10\382,,Done,8382.318626,11101000011110110001,8232.318615948176,True,True,True,7,6,2, 15,5.998929079082717,0,0,,
10,383,C:\Users\xli267\pydarwin\MOGA_test1\temp\10\383,,Done,8432.914692,10001101001111111010,8332.914662226543,True,True,True,4,5,1, 10,4.775438093866923,0,0,,
10,384,C:\Users\xli267\pydarwin\MOGA_test1\temp\10\384,,Done,8272.704727,01101001011111110010,8132.704726997116,True,True,True,8,5,1, 14,2.743429629291393,0,0,,
10,385,C:\Users\xli267\pydarwin\MOGA_test1\temp\10\385,,Done,9845.985270,20000100000101110001,9735.985199555771,True,True,True,5,4,2, 11,5.427928041772238,0,0,,
10,386,C:\Users\xli267\pydarwin\MOGA_test1\temp\10\386,,Done,8548.461693,11000110001101101110,8438.461662597096,True,True,True,7,3,1, 11,4.3706142850194425,0,0,,
10,387,C:\Users\xli267\pydarwin\MOGA_test1\temp\10\387,,Done,8416.286662,10100111100000110101,8246.286642246485,True,True,True,9,6,2, 17,7.603361513165859,0,0,,
10,388,C:\Users\xli267\pydarwin\MOGA_test1\temp\10\388,,Done,9872.366515,20100001111101111110,9812.366455086041,True,True,True,3,2,1, 6,4.4542697679558865,0,0,,
10,389,C:\Users\xli267\pydarwin\MOGA_test1\temp\10\389,,Done,9867.457873,21101001001111110110,9807.457833307291,True,True,True,2,3,1, 6,1.8994316325254332,0,0,,
10,390,C:\Users\xli267\pydarwin\MOGA_test1\temp\10\390,,Done,8667.300809,00000100100101010011,8037.3008089060595,False,False,False,13,8,2, 23,99999999,0,0,,
10,391,C:\Users\xli267\pydarwin\MOGA_test1\temp\10\391,,Done,8755.314962,10010111001111101110,8665.314931722132,True,True,True,5,3,1, 9,2.125627137505849,0,0,,
10,392,C:\Users\xli267\pydarwin\MOGA_test1\temp\10\392,,Done,8410.673521,11101001001110110010,8290.673500875397,True,True,True,6,5,1, 12,1.7990104573539325,0,0,,
10,393,C:\Users\xli267\pydarwin\MOGA_test1\temp\10\393,,Done,8446.155749,00000011101111110001,8046.1557486121565,True,True,False,9,9,2, 20,1955456370967.01,0,0,,
10,394,C:\Users\xli267\pydarwin\MOGA_test1\temp\10\394,,Done,8276.335301,01100001101001110001,8066.335300679658,True,True,True,12,7,2, 21,11.458959174436037,0,0,,
10,395,C:\Users\xli267\pydarwin\MOGA_test1\temp\10\395,,Done,8292.164459,01100111000110110010,8132.164458977631,True,True,True,9,6,1, 16,12.374300070481853,0,0,,
10,396,C:\Users\xli267\pydarwin\MOGA_test1\temp\10\396,,Done,9886.227624,21101011000111010010,9806.22758436659,True,True,True,4,3,1, 8,2.0432858540582797,0,0,,
10,397,C:\Users\xli267\pydarwin\MOGA_test1\temp\10\397,,Done,8243.403489,01001111000011000001,8043.403488726142,True,True,True,11,7,2, 20,12.663924201670984,0,0,,
10,398,C:\Users\xli267\pydarwin\MOGA_test1\temp\10\398,,Done,9843.792088,21001000101101111011,9763.792018288426,True,True,True,4,2,2, 8,5.69267272773889,0,0,,
10,399,C:\Users\xli267\pydarwin\MOGA_test1\temp\10\399,,Done,8689.026191,11111100011111110010,8589.026180840496,True,True,True,5,4,1, 10,2.213165459112844,0,0,,
10,400,C:\Users\xli267\pydarwin\MOGA_test1\temp\10\400,,Done,8266.259681,01100100000101110011,8076.2596808695325,True,True,True,11,6,2, 19,53.45904972358975,0,0,,
